   Compiling c2rust_port v0.0.0 (/workspaces/libcsp_rust/transpiled)
[DEBUG @ c2rust-analyze/src/analyze.rs:602 @ c2rust_analyze::analyze]: all defs:
[DEBUG @ c2rust-analyze/src/analyze.rs:605 @ c2rust_analyze::analyze]: DefId(0:1 ~ c2rust_port[716c]::{use#0})
[DEBUG @ c2rust-analyze/src/analyze.rs:605 @ c2rust_analyze::analyze]: DefId(0:2 ~ c2rust_port[716c]::std)
[DEBUG @ c2rust-analyze/src/analyze.rs:605 @ c2rust_analyze::analyze]: DefId(0:3 ~ c2rust_port[716c]::src)
[DEBUG @ c2rust-analyze/src/analyze.rs:605 @ c2rust_analyze::analyze]: DefId(0:4 ~ c2rust_port[716c]::src::arch)
[DEBUG @ c2rust-analyze/src/analyze.rs:605 @ c2rust_analyze::analyze]: DefId(0:5 ~ c2rust_port[716c]::src::arch::posix)
[DEBUG @ c2rust-analyze/src/analyze.rs:605 @ c2rust_analyze::analyze]: DefId(0:6 ~ c2rust_port[716c]::src::arch::posix::csp_clock)
[DEBUG @ c2rust-analyze/src/analyze.rs:605 @ c2rust_analyze::analyze]: DefId(0:7 ~ c2rust_port[716c]::src::arch::posix::csp_clock::{extern#0})
[DEBUG @ c2rust-analyze/src/analyze.rs:605 @ c2rust_analyze::analyze]: DefId(0:10 ~ c2rust_port[716c]::src::arch::posix::csp_clock::__uint32_t)
[DEBUG @ c2rust-analyze/src/analyze.rs:605 @ c2rust_analyze::analyze]: DefId(0:11 ~ c2rust_port[716c]::src::arch::posix::csp_clock::__time_t)
[DEBUG @ c2rust-analyze/src/analyze.rs:605 @ c2rust_analyze::analyze]: DefId(0:12 ~ c2rust_port[716c]::src::arch::posix::csp_clock::__clockid_t)
[DEBUG @ c2rust-analyze/src/analyze.rs:605 @ c2rust_analyze::analyze]: DefId(0:13 ~ c2rust_port[716c]::src::arch::posix::csp_clock::__syscall_slong_t)
[DEBUG @ c2rust-analyze/src/analyze.rs:605 @ c2rust_analyze::analyze]: DefId(0:14 ~ c2rust_port[716c]::src::arch::posix::csp_clock::uint32_t)
[DEBUG @ c2rust-analyze/src/analyze.rs:605 @ c2rust_analyze::analyze]: DefId(0:2515 ~ c2rust_port[716c]::src::arch::posix::csp_clock::csp_timestamp_t)
[DEBUG @ c2rust-analyze/src/analyze.rs:609 @ c2rust_analyze::analyze]: DefId(0:2516 ~ c2rust_port[716c]::src::arch::posix::csp_clock::csp_timestamp_t::tv_sec)
[DEBUG @ c2rust-analyze/src/analyze.rs:609 @ c2rust_analyze::analyze]: DefId(0:2517 ~ c2rust_port[716c]::src::arch::posix::csp_clock::csp_timestamp_t::tv_nsec)
[DEBUG @ c2rust-analyze/src/analyze.rs:605 @ c2rust_analyze::analyze]: DefId(0:2518 ~ c2rust_port[716c]::src::arch::posix::csp_clock::{impl#0})
[DEBUG @ c2rust-analyze/src/analyze.rs:605 @ c2rust_analyze::analyze]: DefId(0:2519 ~ c2rust_port[716c]::src::arch::posix::csp_clock::{impl#1})
[DEBUG @ c2rust-analyze/src/analyze.rs:605 @ c2rust_analyze::analyze]: DefId(0:2521 ~ c2rust_port[716c]::src::arch::posix::csp_clock::timespec)
[DEBUG @ c2rust-analyze/src/analyze.rs:609 @ c2rust_analyze::analyze]: DefId(0:2522 ~ c2rust_port[716c]::src::arch::posix::csp_clock::timespec::tv_sec)
[DEBUG @ c2rust-analyze/src/analyze.rs:609 @ c2rust_analyze::analyze]: DefId(0:2523 ~ c2rust_port[716c]::src::arch::posix::csp_clock::timespec::tv_nsec)
[DEBUG @ c2rust-analyze/src/analyze.rs:605 @ c2rust_analyze::analyze]: DefId(0:2524 ~ c2rust_port[716c]::src::arch::posix::csp_clock::{impl#2})
[DEBUG @ c2rust-analyze/src/analyze.rs:605 @ c2rust_analyze::analyze]: DefId(0:2525 ~ c2rust_port[716c]::src::arch::posix::csp_clock::{impl#3})
[DEBUG @ c2rust-analyze/src/analyze.rs:605 @ c2rust_analyze::analyze]: DefId(0:15 ~ c2rust_port[716c]::src::arch::posix::csp_clock::clockid_t)
[DEBUG @ c2rust-analyze/src/analyze.rs:605 @ c2rust_analyze::analyze]: DefId(0:16 ~ c2rust_port[716c]::src::arch::posix::csp_clock::CSP_ERR_NONE)
[DEBUG @ c2rust-analyze/src/analyze.rs:605 @ c2rust_analyze::analyze]: DefId(0:17 ~ c2rust_port[716c]::src::arch::posix::csp_clock::CSP_ERR_INVAL)
[DEBUG @ c2rust-analyze/src/analyze.rs:605 @ c2rust_analyze::analyze]: DefId(0:18 ~ c2rust_port[716c]::src::arch::posix::csp_clock::CLOCK_REALTIME)
[DEBUG @ c2rust-analyze/src/analyze.rs:605 @ c2rust_analyze::analyze]: DefId(0:19 ~ c2rust_port[716c]::src::arch::posix::csp_clock::csp_clock_get_time)
[DEBUG @ c2rust-analyze/src/analyze.rs:605 @ c2rust_analyze::analyze]: DefId(0:20 ~ c2rust_port[716c]::src::arch::posix::csp_clock::csp_clock_set_time)
[DEBUG @ c2rust-analyze/src/analyze.rs:605 @ c2rust_analyze::analyze]: DefId(0:21 ~ c2rust_port[716c]::src::arch::posix::csp_queue)
[DEBUG @ c2rust-analyze/src/analyze.rs:605 @ c2rust_analyze::analyze]: DefId(0:22 ~ c2rust_port[716c]::src::arch::posix::csp_queue::{extern#0})
[DEBUG @ c2rust-analyze/src/analyze.rs:605 @ c2rust_analyze::analyze]: DefId(0:29 ~ c2rust_port[716c]::src::arch::posix::csp_queue::__uint32_t)
[DEBUG @ c2rust-analyze/src/analyze.rs:605 @ c2rust_analyze::analyze]: DefId(0:30 ~ c2rust_port[716c]::src::arch::posix::csp_queue::uint32_t)
[DEBUG @ c2rust-analyze/src/analyze.rs:605 @ c2rust_analyze::analyze]: DefId(0:31 ~ c2rust_port[716c]::src::arch::posix::csp_queue::size_t)
[DEBUG @ c2rust-analyze/src/analyze.rs:605 @ c2rust_analyze::analyze]: DefId(0:2527 ~ c2rust_port[716c]::src::arch::posix::csp_queue::pthread_queue_s)
[DEBUG @ c2rust-analyze/src/analyze.rs:609 @ c2rust_analyze::analyze]: DefId(0:2528 ~ c2rust_port[716c]::src::arch::posix::csp_queue::pthread_queue_s::buffer)
[DEBUG @ c2rust-analyze/src/analyze.rs:609 @ c2rust_analyze::analyze]: DefId(0:2529 ~ c2rust_port[716c]::src::arch::posix::csp_queue::pthread_queue_s::size)
[DEBUG @ c2rust-analyze/src/analyze.rs:609 @ c2rust_analyze::analyze]: DefId(0:2530 ~ c2rust_port[716c]::src::arch::posix::csp_queue::pthread_queue_s::item_size)
[DEBUG @ c2rust-analyze/src/analyze.rs:609 @ c2rust_analyze::analyze]: DefId(0:2531 ~ c2rust_port[716c]::src::arch::posix::csp_queue::pthread_queue_s::items)
[DEBUG @ c2rust-analyze/src/analyze.rs:609 @ c2rust_analyze::analyze]: DefId(0:2532 ~ c2rust_port[716c]::src::arch::posix::csp_queue::pthread_queue_s::in_0)
[DEBUG @ c2rust-analyze/src/analyze.rs:609 @ c2rust_analyze::analyze]: DefId(0:2533 ~ c2rust_port[716c]::src::arch::posix::csp_queue::pthread_queue_s::out)
[DEBUG @ c2rust-analyze/src/analyze.rs:609 @ c2rust_analyze::analyze]: DefId(0:2534 ~ c2rust_port[716c]::src::arch::posix::csp_queue::pthread_queue_s::mutex)
[DEBUG @ c2rust-analyze/src/analyze.rs:609 @ c2rust_analyze::analyze]: DefId(0:2535 ~ c2rust_port[716c]::src::arch::posix::csp_queue::pthread_queue_s::cond_full)
[DEBUG @ c2rust-analyze/src/analyze.rs:609 @ c2rust_analyze::analyze]: DefId(0:2536 ~ c2rust_port[716c]::src::arch::posix::csp_queue::pthread_queue_s::cond_empty)
[DEBUG @ c2rust-analyze/src/analyze.rs:605 @ c2rust_analyze::analyze]: DefId(0:2537 ~ c2rust_port[716c]::src::arch::posix::csp_queue::{impl#0})
[DEBUG @ c2rust-analyze/src/analyze.rs:605 @ c2rust_analyze::analyze]: DefId(0:2538 ~ c2rust_port[716c]::src::arch::posix::csp_queue::{impl#1})
[DEBUG @ c2rust-analyze/src/analyze.rs:605 @ c2rust_analyze::analyze]: DefId(0:2540 ~ c2rust_port[716c]::src::arch::posix::csp_queue::pthread_cond_t)
[DEBUG @ c2rust-analyze/src/analyze.rs:605 @ c2rust_analyze::analyze]: DefId(0:2545 ~ c2rust_port[716c]::src::arch::posix::csp_queue::{impl#2})
[DEBUG @ c2rust-analyze/src/analyze.rs:605 @ c2rust_analyze::analyze]: DefId(0:2546 ~ c2rust_port[716c]::src::arch::posix::csp_queue::{impl#3})
[DEBUG @ c2rust-analyze/src/analyze.rs:605 @ c2rust_analyze::analyze]: DefId(0:2548 ~ c2rust_port[716c]::src::arch::posix::csp_queue::__pthread_cond_s)
[DEBUG @ c2rust-analyze/src/analyze.rs:609 @ c2rust_analyze::analyze]: DefId(0:2549 ~ c2rust_port[716c]::src::arch::posix::csp_queue::__pthread_cond_s::__wseq)
[DEBUG @ c2rust-analyze/src/analyze.rs:609 @ c2rust_analyze::analyze]: DefId(0:2550 ~ c2rust_port[716c]::src::arch::posix::csp_queue::__pthread_cond_s::__g1_start)
[DEBUG @ c2rust-analyze/src/analyze.rs:609 @ c2rust_analyze::analyze]: DefId(0:2551 ~ c2rust_port[716c]::src::arch::posix::csp_queue::__pthread_cond_s::__g_refs)
[DEBUG @ c2rust-analyze/src/analyze.rs:609 @ c2rust_analyze::analyze]: DefId(0:2553 ~ c2rust_port[716c]::src::arch::posix::csp_queue::__pthread_cond_s::__g_size)
[DEBUG @ c2rust-analyze/src/analyze.rs:609 @ c2rust_analyze::analyze]: DefId(0:2555 ~ c2rust_port[716c]::src::arch::posix::csp_queue::__pthread_cond_s::__g1_orig_size)
[DEBUG @ c2rust-analyze/src/analyze.rs:609 @ c2rust_analyze::analyze]: DefId(0:2556 ~ c2rust_port[716c]::src::arch::posix::csp_queue::__pthread_cond_s::__wrefs)
[DEBUG @ c2rust-analyze/src/analyze.rs:609 @ c2rust_analyze::analyze]: DefId(0:2557 ~ c2rust_port[716c]::src::arch::posix::csp_queue::__pthread_cond_s::__g_signals)
[DEBUG @ c2rust-analyze/src/analyze.rs:605 @ c2rust_analyze::analyze]: DefId(0:2559 ~ c2rust_port[716c]::src::arch::posix::csp_queue::{impl#4})
[DEBUG @ c2rust-analyze/src/analyze.rs:605 @ c2rust_analyze::analyze]: DefId(0:2560 ~ c2rust_port[716c]::src::arch::posix::csp_queue::{impl#5})
[DEBUG @ c2rust-analyze/src/analyze.rs:605 @ c2rust_analyze::analyze]: DefId(0:2565 ~ c2rust_port[716c]::src::arch::posix::csp_queue::__atomic_wide_counter)
[DEBUG @ c2rust-analyze/src/analyze.rs:605 @ c2rust_analyze::analyze]: DefId(0:2568 ~ c2rust_port[716c]::src::arch::posix::csp_queue::{impl#6})
[DEBUG @ c2rust-analyze/src/analyze.rs:605 @ c2rust_analyze::analyze]: DefId(0:2569 ~ c2rust_port[716c]::src::arch::posix::csp_queue::{impl#7})
[DEBUG @ c2rust-analyze/src/analyze.rs:605 @ c2rust_analyze::analyze]: DefId(0:2571 ~ c2rust_port[716c]::src::arch::posix::csp_queue::C2RustUnnamed)
[DEBUG @ c2rust-analyze/src/analyze.rs:609 @ c2rust_analyze::analyze]: DefId(0:2572 ~ c2rust_port[716c]::src::arch::posix::csp_queue::C2RustUnnamed::__low)
[DEBUG @ c2rust-analyze/src/analyze.rs:609 @ c2rust_analyze::analyze]: DefId(0:2573 ~ c2rust_port[716c]::src::arch::posix::csp_queue::C2RustUnnamed::__high)
[DEBUG @ c2rust-analyze/src/analyze.rs:605 @ c2rust_analyze::analyze]: DefId(0:2574 ~ c2rust_port[716c]::src::arch::posix::csp_queue::{impl#8})
[DEBUG @ c2rust-analyze/src/analyze.rs:605 @ c2rust_analyze::analyze]: DefId(0:2575 ~ c2rust_port[716c]::src::arch::posix::csp_queue::{impl#9})
[DEBUG @ c2rust-analyze/src/analyze.rs:605 @ c2rust_analyze::analyze]: DefId(0:2577 ~ c2rust_port[716c]::src::arch::posix::csp_queue::pthread_mutex_t)
[DEBUG @ c2rust-analyze/src/analyze.rs:605 @ c2rust_analyze::analyze]: DefId(0:2582 ~ c2rust_port[716c]::src::arch::posix::csp_queue::{impl#10})
[DEBUG @ c2rust-analyze/src/analyze.rs:605 @ c2rust_analyze::analyze]: DefId(0:2583 ~ c2rust_port[716c]::src::arch::posix::csp_queue::{impl#11})
[DEBUG @ c2rust-analyze/src/analyze.rs:605 @ c2rust_analyze::analyze]: DefId(0:2585 ~ c2rust_port[716c]::src::arch::posix::csp_queue::__pthread_mutex_s)
[DEBUG @ c2rust-analyze/src/analyze.rs:609 @ c2rust_analyze::analyze]: DefId(0:2586 ~ c2rust_port[716c]::src::arch::posix::csp_queue::__pthread_mutex_s::__lock)
[DEBUG @ c2rust-analyze/src/analyze.rs:609 @ c2rust_analyze::analyze]: DefId(0:2587 ~ c2rust_port[716c]::src::arch::posix::csp_queue::__pthread_mutex_s::__count)
[DEBUG @ c2rust-analyze/src/analyze.rs:609 @ c2rust_analyze::analyze]: DefId(0:2588 ~ c2rust_port[716c]::src::arch::posix::csp_queue::__pthread_mutex_s::__owner)
[DEBUG @ c2rust-analyze/src/analyze.rs:609 @ c2rust_analyze::analyze]: DefId(0:2589 ~ c2rust_port[716c]::src::arch::posix::csp_queue::__pthread_mutex_s::__nusers)
[DEBUG @ c2rust-analyze/src/analyze.rs:609 @ c2rust_analyze::analyze]: DefId(0:2590 ~ c2rust_port[716c]::src::arch::posix::csp_queue::__pthread_mutex_s::__kind)
[DEBUG @ c2rust-analyze/src/analyze.rs:609 @ c2rust_analyze::analyze]: DefId(0:2591 ~ c2rust_port[716c]::src::arch::posix::csp_queue::__pthread_mutex_s::__spins)
[DEBUG @ c2rust-analyze/src/analyze.rs:609 @ c2rust_analyze::analyze]: DefId(0:2592 ~ c2rust_port[716c]::src::arch::posix::csp_queue::__pthread_mutex_s::__elision)
[DEBUG @ c2rust-analyze/src/analyze.rs:609 @ c2rust_analyze::analyze]: DefId(0:2593 ~ c2rust_port[716c]::src::arch::posix::csp_queue::__pthread_mutex_s::__list)
[DEBUG @ c2rust-analyze/src/analyze.rs:605 @ c2rust_analyze::analyze]: DefId(0:2594 ~ c2rust_port[716c]::src::arch::posix::csp_queue::{impl#12})
[DEBUG @ c2rust-analyze/src/analyze.rs:605 @ c2rust_analyze::analyze]: DefId(0:2595 ~ c2rust_port[716c]::src::arch::posix::csp_queue::{impl#13})
[DEBUG @ c2rust-analyze/src/analyze.rs:605 @ c2rust_analyze::analyze]: DefId(0:32 ~ c2rust_port[716c]::src::arch::posix::csp_queue::__pthread_list_t)
[DEBUG @ c2rust-analyze/src/analyze.rs:605 @ c2rust_analyze::analyze]: DefId(0:2597 ~ c2rust_port[716c]::src::arch::posix::csp_queue::__pthread_internal_list)
[DEBUG @ c2rust-analyze/src/analyze.rs:609 @ c2rust_analyze::analyze]: DefId(0:2598 ~ c2rust_port[716c]::src::arch::posix::csp_queue::__pthread_internal_list::__prev)
[DEBUG @ c2rust-analyze/src/analyze.rs:609 @ c2rust_analyze::analyze]: DefId(0:2599 ~ c2rust_port[716c]::src::arch::posix::csp_queue::__pthread_internal_list::__next)
[DEBUG @ c2rust-analyze/src/analyze.rs:605 @ c2rust_analyze::analyze]: DefId(0:2600 ~ c2rust_port[716c]::src::arch::posix::csp_queue::{impl#14})
[DEBUG @ c2rust-analyze/src/analyze.rs:605 @ c2rust_analyze::analyze]: DefId(0:2601 ~ c2rust_port[716c]::src::arch::posix::csp_queue::{impl#15})
[DEBUG @ c2rust-analyze/src/analyze.rs:605 @ c2rust_analyze::analyze]: DefId(0:33 ~ c2rust_port[716c]::src::arch::posix::csp_queue::pthread_queue_t)
[DEBUG @ c2rust-analyze/src/analyze.rs:605 @ c2rust_analyze::analyze]: DefId(0:34 ~ c2rust_port[716c]::src::arch::posix::csp_queue::csp_queue_handle_t)
[DEBUG @ c2rust-analyze/src/analyze.rs:605 @ c2rust_analyze::analyze]: DefId(0:35 ~ c2rust_port[716c]::src::arch::posix::csp_queue::csp_static_queue_t)
[DEBUG @ c2rust-analyze/src/analyze.rs:605 @ c2rust_analyze::analyze]: DefId(0:36 ~ c2rust_port[716c]::src::arch::posix::csp_queue::NULL)
[DEBUG @ c2rust-analyze/src/analyze.rs:605 @ c2rust_analyze::analyze]: DefId(0:37 ~ c2rust_port[716c]::src::arch::posix::csp_queue::csp_queue_create_static)
[DEBUG @ c2rust-analyze/src/analyze.rs:605 @ c2rust_analyze::analyze]: DefId(0:38 ~ c2rust_port[716c]::src::arch::posix::csp_queue::csp_queue_enqueue)
[DEBUG @ c2rust-analyze/src/analyze.rs:605 @ c2rust_analyze::analyze]: DefId(0:39 ~ c2rust_port[716c]::src::arch::posix::csp_queue::csp_queue_enqueue_isr)
[DEBUG @ c2rust-analyze/src/analyze.rs:605 @ c2rust_analyze::analyze]: DefId(0:40 ~ c2rust_port[716c]::src::arch::posix::csp_queue::csp_queue_dequeue)
[DEBUG @ c2rust-analyze/src/analyze.rs:605 @ c2rust_analyze::analyze]: DefId(0:41 ~ c2rust_port[716c]::src::arch::posix::csp_queue::csp_queue_dequeue_isr)
[DEBUG @ c2rust-analyze/src/analyze.rs:605 @ c2rust_analyze::analyze]: DefId(0:42 ~ c2rust_port[716c]::src::arch::posix::csp_queue::csp_queue_size)
[DEBUG @ c2rust-analyze/src/analyze.rs:605 @ c2rust_analyze::analyze]: DefId(0:43 ~ c2rust_port[716c]::src::arch::posix::csp_queue::csp_queue_size_isr)
[DEBUG @ c2rust-analyze/src/analyze.rs:605 @ c2rust_analyze::analyze]: DefId(0:44 ~ c2rust_port[716c]::src::arch::posix::csp_queue::csp_queue_free)
[DEBUG @ c2rust-analyze/src/analyze.rs:605 @ c2rust_analyze::analyze]: DefId(0:45 ~ c2rust_port[716c]::src::arch::posix::csp_queue::csp_queue_empty)
[DEBUG @ c2rust-analyze/src/analyze.rs:605 @ c2rust_analyze::analyze]: DefId(0:46 ~ c2rust_port[716c]::src::arch::posix::csp_semaphore)
[DEBUG @ c2rust-analyze/src/analyze.rs:605 @ c2rust_analyze::analyze]: DefId(0:47 ~ c2rust_port[716c]::src::arch::posix::csp_semaphore::{extern#0})
[DEBUG @ c2rust-analyze/src/analyze.rs:605 @ c2rust_analyze::analyze]: DefId(0:54 ~ c2rust_port[716c]::src::arch::posix::csp_semaphore::__uint32_t)
[DEBUG @ c2rust-analyze/src/analyze.rs:605 @ c2rust_analyze::analyze]: DefId(0:55 ~ c2rust_port[716c]::src::arch::posix::csp_semaphore::__time_t)
[DEBUG @ c2rust-analyze/src/analyze.rs:605 @ c2rust_analyze::analyze]: DefId(0:56 ~ c2rust_port[716c]::src::arch::posix::csp_semaphore::__clockid_t)
[DEBUG @ c2rust-analyze/src/analyze.rs:605 @ c2rust_analyze::analyze]: DefId(0:57 ~ c2rust_port[716c]::src::arch::posix::csp_semaphore::__syscall_slong_t)
[DEBUG @ c2rust-analyze/src/analyze.rs:605 @ c2rust_analyze::analyze]: DefId(0:58 ~ c2rust_port[716c]::src::arch::posix::csp_semaphore::clockid_t)
[DEBUG @ c2rust-analyze/src/analyze.rs:605 @ c2rust_analyze::analyze]: DefId(0:2603 ~ c2rust_port[716c]::src::arch::posix::csp_semaphore::timespec)
[DEBUG @ c2rust-analyze/src/analyze.rs:609 @ c2rust_analyze::analyze]: DefId(0:2604 ~ c2rust_port[716c]::src::arch::posix::csp_semaphore::timespec::tv_sec)
[DEBUG @ c2rust-analyze/src/analyze.rs:609 @ c2rust_analyze::analyze]: DefId(0:2605 ~ c2rust_port[716c]::src::arch::posix::csp_semaphore::timespec::tv_nsec)
[DEBUG @ c2rust-analyze/src/analyze.rs:605 @ c2rust_analyze::analyze]: DefId(0:2606 ~ c2rust_port[716c]::src::arch::posix::csp_semaphore::{impl#0})
[DEBUG @ c2rust-analyze/src/analyze.rs:605 @ c2rust_analyze::analyze]: DefId(0:2607 ~ c2rust_port[716c]::src::arch::posix::csp_semaphore::{impl#1})
[DEBUG @ c2rust-analyze/src/analyze.rs:605 @ c2rust_analyze::analyze]: DefId(0:2609 ~ c2rust_port[716c]::src::arch::posix::csp_semaphore::sem_t)
[DEBUG @ c2rust-analyze/src/analyze.rs:605 @ c2rust_analyze::analyze]: DefId(0:2613 ~ c2rust_port[716c]::src::arch::posix::csp_semaphore::{impl#2})
[DEBUG @ c2rust-analyze/src/analyze.rs:605 @ c2rust_analyze::analyze]: DefId(0:2614 ~ c2rust_port[716c]::src::arch::posix::csp_semaphore::{impl#3})
[DEBUG @ c2rust-analyze/src/analyze.rs:605 @ c2rust_analyze::analyze]: DefId(0:59 ~ c2rust_port[716c]::src::arch::posix::csp_semaphore::csp_bin_sem_t)
[DEBUG @ c2rust-analyze/src/analyze.rs:605 @ c2rust_analyze::analyze]: DefId(0:60 ~ c2rust_port[716c]::src::arch::posix::csp_semaphore::uint32_t)
[DEBUG @ c2rust-analyze/src/analyze.rs:605 @ c2rust_analyze::analyze]: DefId(0:61 ~ c2rust_port[716c]::src::arch::posix::csp_semaphore::CSP_SEMAPHORE_OK)
[DEBUG @ c2rust-analyze/src/analyze.rs:605 @ c2rust_analyze::analyze]: DefId(0:62 ~ c2rust_port[716c]::src::arch::posix::csp_semaphore::CSP_SEMAPHORE_ERROR)
[DEBUG @ c2rust-analyze/src/analyze.rs:605 @ c2rust_analyze::analyze]: DefId(0:63 ~ c2rust_port[716c]::src::arch::posix::csp_semaphore::UINT32_MAX)
[DEBUG @ c2rust-analyze/src/analyze.rs:605 @ c2rust_analyze::analyze]: DefId(0:64 ~ c2rust_port[716c]::src::arch::posix::csp_semaphore::CSP_MAX_TIMEOUT)
[DEBUG @ c2rust-analyze/src/analyze.rs:605 @ c2rust_analyze::analyze]: DefId(0:65 ~ c2rust_port[716c]::src::arch::posix::csp_semaphore::CLOCK_REALTIME)
[DEBUG @ c2rust-analyze/src/analyze.rs:605 @ c2rust_analyze::analyze]: DefId(0:66 ~ c2rust_port[716c]::src::arch::posix::csp_semaphore::csp_bin_sem_init)
[DEBUG @ c2rust-analyze/src/analyze.rs:605 @ c2rust_analyze::analyze]: DefId(0:67 ~ c2rust_port[716c]::src::arch::posix::csp_semaphore::csp_bin_sem_wait)
[DEBUG @ c2rust-analyze/src/analyze.rs:605 @ c2rust_analyze::analyze]: DefId(0:68 ~ c2rust_port[716c]::src::arch::posix::csp_semaphore::csp_bin_sem_post)
[DEBUG @ c2rust-analyze/src/analyze.rs:605 @ c2rust_analyze::analyze]: DefId(0:69 ~ c2rust_port[716c]::src::arch::posix::csp_system)
[DEBUG @ c2rust-analyze/src/analyze.rs:605 @ c2rust_analyze::analyze]: DefId(0:70 ~ c2rust_port[716c]::src::arch::posix::csp_system::{extern#0})
[DEBUG @ c2rust-analyze/src/analyze.rs:605 @ c2rust_analyze::analyze]: DefId(0:75 ~ c2rust_port[716c]::src::arch::posix::csp_system::__uint8_t)
[DEBUG @ c2rust-analyze/src/analyze.rs:605 @ c2rust_analyze::analyze]: DefId(0:76 ~ c2rust_port[716c]::src::arch::posix::csp_system::__uint16_t)
[DEBUG @ c2rust-analyze/src/analyze.rs:605 @ c2rust_analyze::analyze]: DefId(0:77 ~ c2rust_port[716c]::src::arch::posix::csp_system::__uint32_t)
[DEBUG @ c2rust-analyze/src/analyze.rs:605 @ c2rust_analyze::analyze]: DefId(0:78 ~ c2rust_port[716c]::src::arch::posix::csp_system::__uint64_t)
[DEBUG @ c2rust-analyze/src/analyze.rs:605 @ c2rust_analyze::analyze]: DefId(0:79 ~ c2rust_port[716c]::src::arch::posix::csp_system::uint8_t)
[DEBUG @ c2rust-analyze/src/analyze.rs:605 @ c2rust_analyze::analyze]: DefId(0:80 ~ c2rust_port[716c]::src::arch::posix::csp_system::uint16_t)
[DEBUG @ c2rust-analyze/src/analyze.rs:605 @ c2rust_analyze::analyze]: DefId(0:81 ~ c2rust_port[716c]::src::arch::posix::csp_system::uint32_t)
[DEBUG @ c2rust-analyze/src/analyze.rs:605 @ c2rust_analyze::analyze]: DefId(0:82 ~ c2rust_port[716c]::src::arch::posix::csp_system::uint64_t)
[DEBUG @ c2rust-analyze/src/analyze.rs:605 @ c2rust_analyze::analyze]: DefId(0:2616 ~ c2rust_port[716c]::src::arch::posix::csp_system::csp_id_t)
[DEBUG @ c2rust-analyze/src/analyze.rs:609 @ c2rust_analyze::analyze]: DefId(0:2617 ~ c2rust_port[716c]::src::arch::posix::csp_system::csp_id_t::pri)
[DEBUG @ c2rust-analyze/src/analyze.rs:609 @ c2rust_analyze::analyze]: DefId(0:2618 ~ c2rust_port[716c]::src::arch::posix::csp_system::csp_id_t::flags)
[DEBUG @ c2rust-analyze/src/analyze.rs:609 @ c2rust_analyze::analyze]: DefId(0:2619 ~ c2rust_port[716c]::src::arch::posix::csp_system::csp_id_t::src)
[DEBUG @ c2rust-analyze/src/analyze.rs:609 @ c2rust_analyze::analyze]: DefId(0:2620 ~ c2rust_port[716c]::src::arch::posix::csp_system::csp_id_t::dst)
[DEBUG @ c2rust-analyze/src/analyze.rs:609 @ c2rust_analyze::analyze]: DefId(0:2621 ~ c2rust_port[716c]::src::arch::posix::csp_system::csp_id_t::dport)
[DEBUG @ c2rust-analyze/src/analyze.rs:609 @ c2rust_analyze::analyze]: DefId(0:2622 ~ c2rust_port[716c]::src::arch::posix::csp_system::csp_id_t::sport)
[DEBUG @ c2rust-analyze/src/analyze.rs:605 @ c2rust_analyze::analyze]: DefId(0:2623 ~ c2rust_port[716c]::src::arch::posix::csp_system::{impl#0})
[DEBUG @ c2rust-analyze/src/analyze.rs:605 @ c2rust_analyze::analyze]: DefId(0:2624 ~ c2rust_port[716c]::src::arch::posix::csp_system::{impl#1})
[DEBUG @ c2rust-analyze/src/analyze.rs:605 @ c2rust_analyze::analyze]: DefId(0:2626 ~ c2rust_port[716c]::src::arch::posix::csp_system::csp_packet_s)
[DEBUG @ c2rust-analyze/src/analyze.rs:609 @ c2rust_analyze::analyze]: DefId(0:2627 ~ c2rust_port[716c]::src::arch::posix::csp_system::csp_packet_s::timestamp_tx)
[DEBUG @ c2rust-analyze/src/analyze.rs:609 @ c2rust_analyze::analyze]: DefId(0:2628 ~ c2rust_port[716c]::src::arch::posix::csp_system::csp_packet_s::timestamp_rx)
[DEBUG @ c2rust-analyze/src/analyze.rs:609 @ c2rust_analyze::analyze]: DefId(0:2629 ~ c2rust_port[716c]::src::arch::posix::csp_system::csp_packet_s::conn)
[DEBUG @ c2rust-analyze/src/analyze.rs:609 @ c2rust_analyze::analyze]: DefId(0:2630 ~ c2rust_port[716c]::src::arch::posix::csp_system::csp_packet_s::rx_count)
[DEBUG @ c2rust-analyze/src/analyze.rs:609 @ c2rust_analyze::analyze]: DefId(0:2631 ~ c2rust_port[716c]::src::arch::posix::csp_system::csp_packet_s::remain)
[DEBUG @ c2rust-analyze/src/analyze.rs:609 @ c2rust_analyze::analyze]: DefId(0:2632 ~ c2rust_port[716c]::src::arch::posix::csp_system::csp_packet_s::cfpid)
[DEBUG @ c2rust-analyze/src/analyze.rs:609 @ c2rust_analyze::analyze]: DefId(0:2633 ~ c2rust_port[716c]::src::arch::posix::csp_system::csp_packet_s::last_used)
[DEBUG @ c2rust-analyze/src/analyze.rs:609 @ c2rust_analyze::analyze]: DefId(0:2634 ~ c2rust_port[716c]::src::arch::posix::csp_system::csp_packet_s::frame_begin)
[DEBUG @ c2rust-analyze/src/analyze.rs:609 @ c2rust_analyze::analyze]: DefId(0:2635 ~ c2rust_port[716c]::src::arch::posix::csp_system::csp_packet_s::frame_length)
[DEBUG @ c2rust-analyze/src/analyze.rs:609 @ c2rust_analyze::analyze]: DefId(0:2636 ~ c2rust_port[716c]::src::arch::posix::csp_system::csp_packet_s::length)
[DEBUG @ c2rust-analyze/src/analyze.rs:609 @ c2rust_analyze::analyze]: DefId(0:2637 ~ c2rust_port[716c]::src::arch::posix::csp_system::csp_packet_s::id)
[DEBUG @ c2rust-analyze/src/analyze.rs:609 @ c2rust_analyze::analyze]: DefId(0:2638 ~ c2rust_port[716c]::src::arch::posix::csp_system::csp_packet_s::next)
[DEBUG @ c2rust-analyze/src/analyze.rs:609 @ c2rust_analyze::analyze]: DefId(0:2639 ~ c2rust_port[716c]::src::arch::posix::csp_system::csp_packet_s::header)
[DEBUG @ c2rust-analyze/src/analyze.rs:609 @ c2rust_analyze::analyze]: DefId(0:2641 ~ c2rust_port[716c]::src::arch::posix::csp_system::csp_packet_s::c2rust_unnamed)
[DEBUG @ c2rust-analyze/src/analyze.rs:605 @ c2rust_analyze::analyze]: DefId(0:2642 ~ c2rust_port[716c]::src::arch::posix::csp_system::{impl#2})
[DEBUG @ c2rust-analyze/src/analyze.rs:605 @ c2rust_analyze::analyze]: DefId(0:2643 ~ c2rust_port[716c]::src::arch::posix::csp_system::{impl#3})
[DEBUG @ c2rust-analyze/src/analyze.rs:605 @ c2rust_analyze::analyze]: DefId(0:2646 ~ c2rust_port[716c]::src::arch::posix::csp_system::C2RustUnnamed)
[DEBUG @ c2rust-analyze/src/analyze.rs:605 @ c2rust_analyze::analyze]: DefId(0:2653 ~ c2rust_port[716c]::src::arch::posix::csp_system::{impl#4})
[DEBUG @ c2rust-analyze/src/analyze.rs:605 @ c2rust_analyze::analyze]: DefId(0:2654 ~ c2rust_port[716c]::src::arch::posix::csp_system::{impl#5})
[DEBUG @ c2rust-analyze/src/analyze.rs:605 @ c2rust_analyze::analyze]: DefId(0:83 ~ c2rust_port[716c]::src::arch::posix::csp_system::csp_packet_t)
[DEBUG @ c2rust-analyze/src/analyze.rs:605 @ c2rust_analyze::analyze]: DefId(0:84 ~ c2rust_port[716c]::src::arch::posix::csp_system::__kernel_ulong_t)
[DEBUG @ c2rust-analyze/src/analyze.rs:605 @ c2rust_analyze::analyze]: DefId(0:85 ~ c2rust_port[716c]::src::arch::posix::csp_system::__u32)
[DEBUG @ c2rust-analyze/src/analyze.rs:605 @ c2rust_analyze::analyze]: DefId(0:2656 ~ c2rust_port[716c]::src::arch::posix::csp_system::sysinfo)
[DEBUG @ c2rust-analyze/src/analyze.rs:609 @ c2rust_analyze::analyze]: DefId(0:2657 ~ c2rust_port[716c]::src::arch::posix::csp_system::sysinfo::uptime)
[DEBUG @ c2rust-analyze/src/analyze.rs:609 @ c2rust_analyze::analyze]: DefId(0:2658 ~ c2rust_port[716c]::src::arch::posix::csp_system::sysinfo::loads)
[DEBUG @ c2rust-analyze/src/analyze.rs:609 @ c2rust_analyze::analyze]: DefId(0:2660 ~ c2rust_port[716c]::src::arch::posix::csp_system::sysinfo::totalram)
[DEBUG @ c2rust-analyze/src/analyze.rs:609 @ c2rust_analyze::analyze]: DefId(0:2661 ~ c2rust_port[716c]::src::arch::posix::csp_system::sysinfo::freeram)
[DEBUG @ c2rust-analyze/src/analyze.rs:609 @ c2rust_analyze::analyze]: DefId(0:2662 ~ c2rust_port[716c]::src::arch::posix::csp_system::sysinfo::sharedram)
[DEBUG @ c2rust-analyze/src/analyze.rs:609 @ c2rust_analyze::analyze]: DefId(0:2663 ~ c2rust_port[716c]::src::arch::posix::csp_system::sysinfo::bufferram)
[DEBUG @ c2rust-analyze/src/analyze.rs:609 @ c2rust_analyze::analyze]: DefId(0:2664 ~ c2rust_port[716c]::src::arch::posix::csp_system::sysinfo::totalswap)
[DEBUG @ c2rust-analyze/src/analyze.rs:609 @ c2rust_analyze::analyze]: DefId(0:2665 ~ c2rust_port[716c]::src::arch::posix::csp_system::sysinfo::freeswap)
[DEBUG @ c2rust-analyze/src/analyze.rs:609 @ c2rust_analyze::analyze]: DefId(0:2666 ~ c2rust_port[716c]::src::arch::posix::csp_system::sysinfo::procs)
[DEBUG @ c2rust-analyze/src/analyze.rs:609 @ c2rust_analyze::analyze]: DefId(0:2667 ~ c2rust_port[716c]::src::arch::posix::csp_system::sysinfo::pad)
[DEBUG @ c2rust-analyze/src/analyze.rs:609 @ c2rust_analyze::analyze]: DefId(0:2668 ~ c2rust_port[716c]::src::arch::posix::csp_system::sysinfo::totalhigh)
[DEBUG @ c2rust-analyze/src/analyze.rs:609 @ c2rust_analyze::analyze]: DefId(0:2669 ~ c2rust_port[716c]::src::arch::posix::csp_system::sysinfo::freehigh)
[DEBUG @ c2rust-analyze/src/analyze.rs:609 @ c2rust_analyze::analyze]: DefId(0:2670 ~ c2rust_port[716c]::src::arch::posix::csp_system::sysinfo::mem_unit)
[DEBUG @ c2rust-analyze/src/analyze.rs:609 @ c2rust_analyze::analyze]: DefId(0:2671 ~ c2rust_port[716c]::src::arch::posix::csp_system::sysinfo::_f)
[DEBUG @ c2rust-analyze/src/analyze.rs:605 @ c2rust_analyze::analyze]: DefId(0:2673 ~ c2rust_port[716c]::src::arch::posix::csp_system::{impl#6})
[DEBUG @ c2rust-analyze/src/analyze.rs:605 @ c2rust_analyze::analyze]: DefId(0:2674 ~ c2rust_port[716c]::src::arch::posix::csp_system::{impl#7})
[DEBUG @ c2rust-analyze/src/analyze.rs:605 @ c2rust_analyze::analyze]: DefId(0:86 ~ c2rust_port[716c]::src::arch::posix::csp_system::__u16)
[DEBUG @ c2rust-analyze/src/analyze.rs:605 @ c2rust_analyze::analyze]: DefId(0:87 ~ c2rust_port[716c]::src::arch::posix::csp_system::__kernel_long_t)
[DEBUG @ c2rust-analyze/src/analyze.rs:605 @ c2rust_analyze::analyze]: DefId(0:88 ~ c2rust_port[716c]::src::arch::posix::csp_system::LINUX_REBOOT_CMD_RESTART)
[DEBUG @ c2rust-analyze/src/analyze.rs:605 @ c2rust_analyze::analyze]: DefId(0:89 ~ c2rust_port[716c]::src::arch::posix::csp_system::LINUX_REBOOT_CMD_HALT)
[DEBUG @ c2rust-analyze/src/analyze.rs:605 @ c2rust_analyze::analyze]: DefId(0:90 ~ c2rust_port[716c]::src::arch::posix::csp_system::csp_memfree_hook)
[DEBUG @ c2rust-analyze/src/analyze.rs:605 @ c2rust_analyze::analyze]: DefId(0:93 ~ c2rust_port[716c]::src::arch::posix::csp_system::csp_ps_hook)
[DEBUG @ c2rust-analyze/src/analyze.rs:605 @ c2rust_analyze::analyze]: DefId(0:94 ~ c2rust_port[716c]::src::arch::posix::csp_system::csp_reboot_hook)
[DEBUG @ c2rust-analyze/src/analyze.rs:605 @ c2rust_analyze::analyze]: DefId(0:95 ~ c2rust_port[716c]::src::arch::posix::csp_system::csp_shutdown_hook)
[DEBUG @ c2rust-analyze/src/analyze.rs:605 @ c2rust_analyze::analyze]: DefId(0:96 ~ c2rust_port[716c]::src::arch::posix::csp_time)
[DEBUG @ c2rust-analyze/src/analyze.rs:605 @ c2rust_analyze::analyze]: DefId(0:97 ~ c2rust_port[716c]::src::arch::posix::csp_time::{extern#0})
[DEBUG @ c2rust-analyze/src/analyze.rs:605 @ c2rust_analyze::analyze]: DefId(0:99 ~ c2rust_port[716c]::src::arch::posix::csp_time::__uint32_t)
[DEBUG @ c2rust-analyze/src/analyze.rs:605 @ c2rust_analyze::analyze]: DefId(0:100 ~ c2rust_port[716c]::src::arch::posix::csp_time::__time_t)
[DEBUG @ c2rust-analyze/src/analyze.rs:605 @ c2rust_analyze::analyze]: DefId(0:101 ~ c2rust_port[716c]::src::arch::posix::csp_time::__clockid_t)
[DEBUG @ c2rust-analyze/src/analyze.rs:605 @ c2rust_analyze::analyze]: DefId(0:102 ~ c2rust_port[716c]::src::arch::posix::csp_time::__syscall_slong_t)
[DEBUG @ c2rust-analyze/src/analyze.rs:605 @ c2rust_analyze::analyze]: DefId(0:103 ~ c2rust_port[716c]::src::arch::posix::csp_time::uint32_t)
[DEBUG @ c2rust-analyze/src/analyze.rs:605 @ c2rust_analyze::analyze]: DefId(0:2678 ~ c2rust_port[716c]::src::arch::posix::csp_time::timespec)
[DEBUG @ c2rust-analyze/src/analyze.rs:609 @ c2rust_analyze::analyze]: DefId(0:2679 ~ c2rust_port[716c]::src::arch::posix::csp_time::timespec::tv_sec)
[DEBUG @ c2rust-analyze/src/analyze.rs:609 @ c2rust_analyze::analyze]: DefId(0:2680 ~ c2rust_port[716c]::src::arch::posix::csp_time::timespec::tv_nsec)
[DEBUG @ c2rust-analyze/src/analyze.rs:605 @ c2rust_analyze::analyze]: DefId(0:2681 ~ c2rust_port[716c]::src::arch::posix::csp_time::{impl#0})
[DEBUG @ c2rust-analyze/src/analyze.rs:605 @ c2rust_analyze::analyze]: DefId(0:2682 ~ c2rust_port[716c]::src::arch::posix::csp_time::{impl#1})
[DEBUG @ c2rust-analyze/src/analyze.rs:605 @ c2rust_analyze::analyze]: DefId(0:104 ~ c2rust_port[716c]::src::arch::posix::csp_time::clockid_t)
[DEBUG @ c2rust-analyze/src/analyze.rs:605 @ c2rust_analyze::analyze]: DefId(0:105 ~ c2rust_port[716c]::src::arch::posix::csp_time::CLOCK_MONOTONIC)
[DEBUG @ c2rust-analyze/src/analyze.rs:605 @ c2rust_analyze::analyze]: DefId(0:106 ~ c2rust_port[716c]::src::arch::posix::csp_time::csp_get_ms)
[DEBUG @ c2rust-analyze/src/analyze.rs:605 @ c2rust_analyze::analyze]: DefId(0:107 ~ c2rust_port[716c]::src::arch::posix::csp_time::csp_get_ms_isr)
[DEBUG @ c2rust-analyze/src/analyze.rs:605 @ c2rust_analyze::analyze]: DefId(0:108 ~ c2rust_port[716c]::src::arch::posix::csp_time::csp_get_s)
[DEBUG @ c2rust-analyze/src/analyze.rs:605 @ c2rust_analyze::analyze]: DefId(0:109 ~ c2rust_port[716c]::src::arch::posix::csp_time::csp_get_s_isr)
[DEBUG @ c2rust-analyze/src/analyze.rs:605 @ c2rust_analyze::analyze]: DefId(0:110 ~ c2rust_port[716c]::src::arch::posix::pthread_queue)
[DEBUG @ c2rust-analyze/src/analyze.rs:605 @ c2rust_analyze::analyze]: DefId(0:111 ~ c2rust_port[716c]::src::arch::posix::pthread_queue::{extern#0})
[DEBUG @ c2rust-analyze/src/analyze.rs:605 @ c2rust_analyze::analyze]: DefId(0:129 ~ c2rust_port[716c]::src::arch::posix::pthread_queue::__uint32_t)
[DEBUG @ c2rust-analyze/src/analyze.rs:605 @ c2rust_analyze::analyze]: DefId(0:130 ~ c2rust_port[716c]::src::arch::posix::pthread_queue::__time_t)
[DEBUG @ c2rust-analyze/src/analyze.rs:605 @ c2rust_analyze::analyze]: DefId(0:131 ~ c2rust_port[716c]::src::arch::posix::pthread_queue::__clockid_t)
[DEBUG @ c2rust-analyze/src/analyze.rs:605 @ c2rust_analyze::analyze]: DefId(0:132 ~ c2rust_port[716c]::src::arch::posix::pthread_queue::__syscall_slong_t)
[DEBUG @ c2rust-analyze/src/analyze.rs:605 @ c2rust_analyze::analyze]: DefId(0:133 ~ c2rust_port[716c]::src::arch::posix::pthread_queue::uint32_t)
[DEBUG @ c2rust-analyze/src/analyze.rs:605 @ c2rust_analyze::analyze]: DefId(0:134 ~ c2rust_port[716c]::src::arch::posix::pthread_queue::size_t)
[DEBUG @ c2rust-analyze/src/analyze.rs:605 @ c2rust_analyze::analyze]: DefId(0:2684 ~ c2rust_port[716c]::src::arch::posix::pthread_queue::timespec)
[DEBUG @ c2rust-analyze/src/analyze.rs:609 @ c2rust_analyze::analyze]: DefId(0:2685 ~ c2rust_port[716c]::src::arch::posix::pthread_queue::timespec::tv_sec)
[DEBUG @ c2rust-analyze/src/analyze.rs:609 @ c2rust_analyze::analyze]: DefId(0:2686 ~ c2rust_port[716c]::src::arch::posix::pthread_queue::timespec::tv_nsec)
[DEBUG @ c2rust-analyze/src/analyze.rs:605 @ c2rust_analyze::analyze]: DefId(0:2687 ~ c2rust_port[716c]::src::arch::posix::pthread_queue::{impl#0})
[DEBUG @ c2rust-analyze/src/analyze.rs:605 @ c2rust_analyze::analyze]: DefId(0:2688 ~ c2rust_port[716c]::src::arch::posix::pthread_queue::{impl#1})
[DEBUG @ c2rust-analyze/src/analyze.rs:605 @ c2rust_analyze::analyze]: DefId(0:135 ~ c2rust_port[716c]::src::arch::posix::pthread_queue::clockid_t)
[DEBUG @ c2rust-analyze/src/analyze.rs:605 @ c2rust_analyze::analyze]: DefId(0:2690 ~ c2rust_port[716c]::src::arch::posix::pthread_queue::__atomic_wide_counter)
[DEBUG @ c2rust-analyze/src/analyze.rs:605 @ c2rust_analyze::analyze]: DefId(0:2693 ~ c2rust_port[716c]::src::arch::posix::pthread_queue::{impl#2})
[DEBUG @ c2rust-analyze/src/analyze.rs:605 @ c2rust_analyze::analyze]: DefId(0:2694 ~ c2rust_port[716c]::src::arch::posix::pthread_queue::{impl#3})
[DEBUG @ c2rust-analyze/src/analyze.rs:605 @ c2rust_analyze::analyze]: DefId(0:2696 ~ c2rust_port[716c]::src::arch::posix::pthread_queue::C2RustUnnamed)
[DEBUG @ c2rust-analyze/src/analyze.rs:609 @ c2rust_analyze::analyze]: DefId(0:2697 ~ c2rust_port[716c]::src::arch::posix::pthread_queue::C2RustUnnamed::__low)
[DEBUG @ c2rust-analyze/src/analyze.rs:609 @ c2rust_analyze::analyze]: DefId(0:2698 ~ c2rust_port[716c]::src::arch::posix::pthread_queue::C2RustUnnamed::__high)
[DEBUG @ c2rust-analyze/src/analyze.rs:605 @ c2rust_analyze::analyze]: DefId(0:2699 ~ c2rust_port[716c]::src::arch::posix::pthread_queue::{impl#4})
[DEBUG @ c2rust-analyze/src/analyze.rs:605 @ c2rust_analyze::analyze]: DefId(0:2700 ~ c2rust_port[716c]::src::arch::posix::pthread_queue::{impl#5})
[DEBUG @ c2rust-analyze/src/analyze.rs:605 @ c2rust_analyze::analyze]: DefId(0:2702 ~ c2rust_port[716c]::src::arch::posix::pthread_queue::__pthread_internal_list)
[DEBUG @ c2rust-analyze/src/analyze.rs:609 @ c2rust_analyze::analyze]: DefId(0:2703 ~ c2rust_port[716c]::src::arch::posix::pthread_queue::__pthread_internal_list::__prev)
[DEBUG @ c2rust-analyze/src/analyze.rs:609 @ c2rust_analyze::analyze]: DefId(0:2704 ~ c2rust_port[716c]::src::arch::posix::pthread_queue::__pthread_internal_list::__next)
[DEBUG @ c2rust-analyze/src/analyze.rs:605 @ c2rust_analyze::analyze]: DefId(0:2705 ~ c2rust_port[716c]::src::arch::posix::pthread_queue::{impl#6})
[DEBUG @ c2rust-analyze/src/analyze.rs:605 @ c2rust_analyze::analyze]: DefId(0:2706 ~ c2rust_port[716c]::src::arch::posix::pthread_queue::{impl#7})
[DEBUG @ c2rust-analyze/src/analyze.rs:605 @ c2rust_analyze::analyze]: DefId(0:136 ~ c2rust_port[716c]::src::arch::posix::pthread_queue::__pthread_list_t)
[DEBUG @ c2rust-analyze/src/analyze.rs:605 @ c2rust_analyze::analyze]: DefId(0:2708 ~ c2rust_port[716c]::src::arch::posix::pthread_queue::__pthread_mutex_s)
[DEBUG @ c2rust-analyze/src/analyze.rs:609 @ c2rust_analyze::analyze]: DefId(0:2709 ~ c2rust_port[716c]::src::arch::posix::pthread_queue::__pthread_mutex_s::__lock)
[DEBUG @ c2rust-analyze/src/analyze.rs:609 @ c2rust_analyze::analyze]: DefId(0:2710 ~ c2rust_port[716c]::src::arch::posix::pthread_queue::__pthread_mutex_s::__count)
[DEBUG @ c2rust-analyze/src/analyze.rs:609 @ c2rust_analyze::analyze]: DefId(0:2711 ~ c2rust_port[716c]::src::arch::posix::pthread_queue::__pthread_mutex_s::__owner)
[DEBUG @ c2rust-analyze/src/analyze.rs:609 @ c2rust_analyze::analyze]: DefId(0:2712 ~ c2rust_port[716c]::src::arch::posix::pthread_queue::__pthread_mutex_s::__nusers)
[DEBUG @ c2rust-analyze/src/analyze.rs:609 @ c2rust_analyze::analyze]: DefId(0:2713 ~ c2rust_port[716c]::src::arch::posix::pthread_queue::__pthread_mutex_s::__kind)
[DEBUG @ c2rust-analyze/src/analyze.rs:609 @ c2rust_analyze::analyze]: DefId(0:2714 ~ c2rust_port[716c]::src::arch::posix::pthread_queue::__pthread_mutex_s::__spins)
[DEBUG @ c2rust-analyze/src/analyze.rs:609 @ c2rust_analyze::analyze]: DefId(0:2715 ~ c2rust_port[716c]::src::arch::posix::pthread_queue::__pthread_mutex_s::__elision)
[DEBUG @ c2rust-analyze/src/analyze.rs:609 @ c2rust_analyze::analyze]: DefId(0:2716 ~ c2rust_port[716c]::src::arch::posix::pthread_queue::__pthread_mutex_s::__list)
[DEBUG @ c2rust-analyze/src/analyze.rs:605 @ c2rust_analyze::analyze]: DefId(0:2717 ~ c2rust_port[716c]::src::arch::posix::pthread_queue::{impl#8})
[DEBUG @ c2rust-analyze/src/analyze.rs:605 @ c2rust_analyze::analyze]: DefId(0:2718 ~ c2rust_port[716c]::src::arch::posix::pthread_queue::{impl#9})
[DEBUG @ c2rust-analyze/src/analyze.rs:605 @ c2rust_analyze::analyze]: DefId(0:2720 ~ c2rust_port[716c]::src::arch::posix::pthread_queue::__pthread_cond_s)
[DEBUG @ c2rust-analyze/src/analyze.rs:609 @ c2rust_analyze::analyze]: DefId(0:2721 ~ c2rust_port[716c]::src::arch::posix::pthread_queue::__pthread_cond_s::__wseq)
[DEBUG @ c2rust-analyze/src/analyze.rs:609 @ c2rust_analyze::analyze]: DefId(0:2722 ~ c2rust_port[716c]::src::arch::posix::pthread_queue::__pthread_cond_s::__g1_start)
[DEBUG @ c2rust-analyze/src/analyze.rs:609 @ c2rust_analyze::analyze]: DefId(0:2723 ~ c2rust_port[716c]::src::arch::posix::pthread_queue::__pthread_cond_s::__g_refs)
[DEBUG @ c2rust-analyze/src/analyze.rs:609 @ c2rust_analyze::analyze]: DefId(0:2725 ~ c2rust_port[716c]::src::arch::posix::pthread_queue::__pthread_cond_s::__g_size)
[DEBUG @ c2rust-analyze/src/analyze.rs:609 @ c2rust_analyze::analyze]: DefId(0:2727 ~ c2rust_port[716c]::src::arch::posix::pthread_queue::__pthread_cond_s::__g1_orig_size)
[DEBUG @ c2rust-analyze/src/analyze.rs:609 @ c2rust_analyze::analyze]: DefId(0:2728 ~ c2rust_port[716c]::src::arch::posix::pthread_queue::__pthread_cond_s::__wrefs)
[DEBUG @ c2rust-analyze/src/analyze.rs:609 @ c2rust_analyze::analyze]: DefId(0:2729 ~ c2rust_port[716c]::src::arch::posix::pthread_queue::__pthread_cond_s::__g_signals)
[DEBUG @ c2rust-analyze/src/analyze.rs:605 @ c2rust_analyze::analyze]: DefId(0:2731 ~ c2rust_port[716c]::src::arch::posix::pthread_queue::{impl#10})
[DEBUG @ c2rust-analyze/src/analyze.rs:605 @ c2rust_analyze::analyze]: DefId(0:2732 ~ c2rust_port[716c]::src::arch::posix::pthread_queue::{impl#11})
[DEBUG @ c2rust-analyze/src/analyze.rs:605 @ c2rust_analyze::analyze]: DefId(0:2737 ~ c2rust_port[716c]::src::arch::posix::pthread_queue::pthread_mutexattr_t)
[DEBUG @ c2rust-analyze/src/analyze.rs:605 @ c2rust_analyze::analyze]: DefId(0:2741 ~ c2rust_port[716c]::src::arch::posix::pthread_queue::{impl#12})
[DEBUG @ c2rust-analyze/src/analyze.rs:605 @ c2rust_analyze::analyze]: DefId(0:2742 ~ c2rust_port[716c]::src::arch::posix::pthread_queue::{impl#13})
[DEBUG @ c2rust-analyze/src/analyze.rs:605 @ c2rust_analyze::analyze]: DefId(0:2744 ~ c2rust_port[716c]::src::arch::posix::pthread_queue::pthread_condattr_t)
[DEBUG @ c2rust-analyze/src/analyze.rs:605 @ c2rust_analyze::analyze]: DefId(0:2748 ~ c2rust_port[716c]::src::arch::posix::pthread_queue::{impl#14})
[DEBUG @ c2rust-analyze/src/analyze.rs:605 @ c2rust_analyze::analyze]: DefId(0:2749 ~ c2rust_port[716c]::src::arch::posix::pthread_queue::{impl#15})
[DEBUG @ c2rust-analyze/src/analyze.rs:605 @ c2rust_analyze::analyze]: DefId(0:2751 ~ c2rust_port[716c]::src::arch::posix::pthread_queue::pthread_mutex_t)
[DEBUG @ c2rust-analyze/src/analyze.rs:605 @ c2rust_analyze::analyze]: DefId(0:2756 ~ c2rust_port[716c]::src::arch::posix::pthread_queue::{impl#16})
[DEBUG @ c2rust-analyze/src/analyze.rs:605 @ c2rust_analyze::analyze]: DefId(0:2757 ~ c2rust_port[716c]::src::arch::posix::pthread_queue::{impl#17})
[DEBUG @ c2rust-analyze/src/analyze.rs:605 @ c2rust_analyze::analyze]: DefId(0:2759 ~ c2rust_port[716c]::src::arch::posix::pthread_queue::pthread_cond_t)
[DEBUG @ c2rust-analyze/src/analyze.rs:605 @ c2rust_analyze::analyze]: DefId(0:2764 ~ c2rust_port[716c]::src::arch::posix::pthread_queue::{impl#18})
[DEBUG @ c2rust-analyze/src/analyze.rs:605 @ c2rust_analyze::analyze]: DefId(0:2765 ~ c2rust_port[716c]::src::arch::posix::pthread_queue::{impl#19})
[DEBUG @ c2rust-analyze/src/analyze.rs:605 @ c2rust_analyze::analyze]: DefId(0:2767 ~ c2rust_port[716c]::src::arch::posix::pthread_queue::pthread_queue_s)
[DEBUG @ c2rust-analyze/src/analyze.rs:609 @ c2rust_analyze::analyze]: DefId(0:2768 ~ c2rust_port[716c]::src::arch::posix::pthread_queue::pthread_queue_s::buffer)
[DEBUG @ c2rust-analyze/src/analyze.rs:609 @ c2rust_analyze::analyze]: DefId(0:2769 ~ c2rust_port[716c]::src::arch::posix::pthread_queue::pthread_queue_s::size)
[DEBUG @ c2rust-analyze/src/analyze.rs:609 @ c2rust_analyze::analyze]: DefId(0:2770 ~ c2rust_port[716c]::src::arch::posix::pthread_queue::pthread_queue_s::item_size)
[DEBUG @ c2rust-analyze/src/analyze.rs:609 @ c2rust_analyze::analyze]: DefId(0:2771 ~ c2rust_port[716c]::src::arch::posix::pthread_queue::pthread_queue_s::items)
[DEBUG @ c2rust-analyze/src/analyze.rs:609 @ c2rust_analyze::analyze]: DefId(0:2772 ~ c2rust_port[716c]::src::arch::posix::pthread_queue::pthread_queue_s::in_0)
[DEBUG @ c2rust-analyze/src/analyze.rs:609 @ c2rust_analyze::analyze]: DefId(0:2773 ~ c2rust_port[716c]::src::arch::posix::pthread_queue::pthread_queue_s::out)
[DEBUG @ c2rust-analyze/src/analyze.rs:609 @ c2rust_analyze::analyze]: DefId(0:2774 ~ c2rust_port[716c]::src::arch::posix::pthread_queue::pthread_queue_s::mutex)
[DEBUG @ c2rust-analyze/src/analyze.rs:609 @ c2rust_analyze::analyze]: DefId(0:2775 ~ c2rust_port[716c]::src::arch::posix::pthread_queue::pthread_queue_s::cond_full)
[DEBUG @ c2rust-analyze/src/analyze.rs:609 @ c2rust_analyze::analyze]: DefId(0:2776 ~ c2rust_port[716c]::src::arch::posix::pthread_queue::pthread_queue_s::cond_empty)
[DEBUG @ c2rust-analyze/src/analyze.rs:605 @ c2rust_analyze::analyze]: DefId(0:2777 ~ c2rust_port[716c]::src::arch::posix::pthread_queue::{impl#20})
[DEBUG @ c2rust-analyze/src/analyze.rs:605 @ c2rust_analyze::analyze]: DefId(0:2778 ~ c2rust_port[716c]::src::arch::posix::pthread_queue::{impl#21})
[DEBUG @ c2rust-analyze/src/analyze.rs:605 @ c2rust_analyze::analyze]: DefId(0:137 ~ c2rust_port[716c]::src::arch::posix::pthread_queue::pthread_queue_t)
[DEBUG @ c2rust-analyze/src/analyze.rs:605 @ c2rust_analyze::analyze]: DefId(0:138 ~ c2rust_port[716c]::src::arch::posix::pthread_queue::UINT32_MAX)
[DEBUG @ c2rust-analyze/src/analyze.rs:605 @ c2rust_analyze::analyze]: DefId(0:139 ~ c2rust_port[716c]::src::arch::posix::pthread_queue::CLOCK_MONOTONIC)
[DEBUG @ c2rust-analyze/src/analyze.rs:605 @ c2rust_analyze::analyze]: DefId(0:140 ~ c2rust_port[716c]::src::arch::posix::pthread_queue::PTHREAD_QUEUE_ERROR)
[DEBUG @ c2rust-analyze/src/analyze.rs:605 @ c2rust_analyze::analyze]: DefId(0:141 ~ c2rust_port[716c]::src::arch::posix::pthread_queue::PTHREAD_QUEUE_EMPTY)
[DEBUG @ c2rust-analyze/src/analyze.rs:605 @ c2rust_analyze::analyze]: DefId(0:142 ~ c2rust_port[716c]::src::arch::posix::pthread_queue::PTHREAD_QUEUE_FULL)
[DEBUG @ c2rust-analyze/src/analyze.rs:605 @ c2rust_analyze::analyze]: DefId(0:143 ~ c2rust_port[716c]::src::arch::posix::pthread_queue::PTHREAD_QUEUE_OK)
[DEBUG @ c2rust-analyze/src/analyze.rs:605 @ c2rust_analyze::analyze]: DefId(0:144 ~ c2rust_port[716c]::src::arch::posix::pthread_queue::EINTR)
[DEBUG @ c2rust-analyze/src/analyze.rs:605 @ c2rust_analyze::analyze]: DefId(0:145 ~ c2rust_port[716c]::src::arch::posix::pthread_queue::NULL)
[DEBUG @ c2rust-analyze/src/analyze.rs:605 @ c2rust_analyze::analyze]: DefId(0:146 ~ c2rust_port[716c]::src::arch::posix::pthread_queue::CSP_QUEUE_OK)
[DEBUG @ c2rust-analyze/src/analyze.rs:605 @ c2rust_analyze::analyze]: DefId(0:147 ~ c2rust_port[716c]::src::arch::posix::pthread_queue::CSP_QUEUE_ERROR)
[DEBUG @ c2rust-analyze/src/analyze.rs:605 @ c2rust_analyze::analyze]: DefId(0:148 ~ c2rust_port[716c]::src::arch::posix::pthread_queue::CSP_MAX_TIMEOUT)
[DEBUG @ c2rust-analyze/src/analyze.rs:605 @ c2rust_analyze::analyze]: DefId(0:149 ~ c2rust_port[716c]::src::arch::posix::pthread_queue::PTHREAD_QUEUE_CLOCK)
[DEBUG @ c2rust-analyze/src/analyze.rs:605 @ c2rust_analyze::analyze]: DefId(0:150 ~ c2rust_port[716c]::src::arch::posix::pthread_queue::get_deadline)
[DEBUG @ c2rust-analyze/src/analyze.rs:605 @ c2rust_analyze::analyze]: DefId(0:151 ~ c2rust_port[716c]::src::arch::posix::pthread_queue::init_cond_clock_monotonic)
[DEBUG @ c2rust-analyze/src/analyze.rs:605 @ c2rust_analyze::analyze]: DefId(0:153 ~ c2rust_port[716c]::src::arch::posix::pthread_queue::pthread_queue_create)
[DEBUG @ c2rust-analyze/src/analyze.rs:605 @ c2rust_analyze::analyze]: DefId(0:154 ~ c2rust_port[716c]::src::arch::posix::pthread_queue::pthread_queue_delete)
[DEBUG @ c2rust-analyze/src/analyze.rs:605 @ c2rust_analyze::analyze]: DefId(0:155 ~ c2rust_port[716c]::src::arch::posix::pthread_queue::wait_slot_available)
[DEBUG @ c2rust-analyze/src/analyze.rs:605 @ c2rust_analyze::analyze]: DefId(0:156 ~ c2rust_port[716c]::src::arch::posix::pthread_queue::pthread_queue_enqueue)
[DEBUG @ c2rust-analyze/src/analyze.rs:605 @ c2rust_analyze::analyze]: DefId(0:157 ~ c2rust_port[716c]::src::arch::posix::pthread_queue::wait_item_available)
[DEBUG @ c2rust-analyze/src/analyze.rs:605 @ c2rust_analyze::analyze]: DefId(0:158 ~ c2rust_port[716c]::src::arch::posix::pthread_queue::pthread_queue_dequeue)
[DEBUG @ c2rust-analyze/src/analyze.rs:605 @ c2rust_analyze::analyze]: DefId(0:159 ~ c2rust_port[716c]::src::arch::posix::pthread_queue::pthread_queue_items)
[DEBUG @ c2rust-analyze/src/analyze.rs:605 @ c2rust_analyze::analyze]: DefId(0:160 ~ c2rust_port[716c]::src::arch::posix::pthread_queue::pthread_queue_free)
[DEBUG @ c2rust-analyze/src/analyze.rs:605 @ c2rust_analyze::analyze]: DefId(0:161 ~ c2rust_port[716c]::src::arch::posix::pthread_queue::pthread_queue_empty)
[DEBUG @ c2rust-analyze/src/analyze.rs:605 @ c2rust_analyze::analyze]: DefId(0:162 ~ c2rust_port[716c]::src::cmp)
[DEBUG @ c2rust-analyze/src/analyze.rs:605 @ c2rust_analyze::analyze]: DefId(0:163 ~ c2rust_port[716c]::src::cmp::csp_cmp_clock)
[DEBUG @ c2rust-analyze/src/analyze.rs:605 @ c2rust_analyze::analyze]: DefId(0:164 ~ c2rust_port[716c]::src::cmp::csp_cmp_clock::{extern#0})
[DEBUG @ c2rust-analyze/src/analyze.rs:605 @ c2rust_analyze::analyze]: DefId(0:169 ~ c2rust_port[716c]::src::cmp::csp_cmp_clock::__uint8_t)
[DEBUG @ c2rust-analyze/src/analyze.rs:605 @ c2rust_analyze::analyze]: DefId(0:170 ~ c2rust_port[716c]::src::cmp::csp_cmp_clock::__uint16_t)
[DEBUG @ c2rust-analyze/src/analyze.rs:605 @ c2rust_analyze::analyze]: DefId(0:171 ~ c2rust_port[716c]::src::cmp::csp_cmp_clock::__uint32_t)
[DEBUG @ c2rust-analyze/src/analyze.rs:605 @ c2rust_analyze::analyze]: DefId(0:172 ~ c2rust_port[716c]::src::cmp::csp_cmp_clock::__uint64_t)
[DEBUG @ c2rust-analyze/src/analyze.rs:605 @ c2rust_analyze::analyze]: DefId(0:173 ~ c2rust_port[716c]::src::cmp::csp_cmp_clock::uint8_t)
[DEBUG @ c2rust-analyze/src/analyze.rs:605 @ c2rust_analyze::analyze]: DefId(0:174 ~ c2rust_port[716c]::src::cmp::csp_cmp_clock::uint16_t)
[DEBUG @ c2rust-analyze/src/analyze.rs:605 @ c2rust_analyze::analyze]: DefId(0:175 ~ c2rust_port[716c]::src::cmp::csp_cmp_clock::uint32_t)
[DEBUG @ c2rust-analyze/src/analyze.rs:605 @ c2rust_analyze::analyze]: DefId(0:176 ~ c2rust_port[716c]::src::cmp::csp_cmp_clock::uint64_t)
[DEBUG @ c2rust-analyze/src/analyze.rs:605 @ c2rust_analyze::analyze]: DefId(0:177 ~ c2rust_port[716c]::src::cmp::csp_cmp_clock::size_t)
[DEBUG @ c2rust-analyze/src/analyze.rs:605 @ c2rust_analyze::analyze]: DefId(0:2780 ~ c2rust_port[716c]::src::cmp::csp_cmp_clock::csp_timestamp_t)
[DEBUG @ c2rust-analyze/src/analyze.rs:609 @ c2rust_analyze::analyze]: DefId(0:2781 ~ c2rust_port[716c]::src::cmp::csp_cmp_clock::csp_timestamp_t::tv_sec)
[DEBUG @ c2rust-analyze/src/analyze.rs:609 @ c2rust_analyze::analyze]: DefId(0:2782 ~ c2rust_port[716c]::src::cmp::csp_cmp_clock::csp_timestamp_t::tv_nsec)
[DEBUG @ c2rust-analyze/src/analyze.rs:605 @ c2rust_analyze::analyze]: DefId(0:2783 ~ c2rust_port[716c]::src::cmp::csp_cmp_clock::{impl#0})
[DEBUG @ c2rust-analyze/src/analyze.rs:605 @ c2rust_analyze::analyze]: DefId(0:2784 ~ c2rust_port[716c]::src::cmp::csp_cmp_clock::{impl#1})
[DEBUG @ c2rust-analyze/src/analyze.rs:605 @ c2rust_analyze::analyze]: DefId(0:2786 ~ c2rust_port[716c]::src::cmp::csp_cmp_clock::csp_id_t)
[DEBUG @ c2rust-analyze/src/analyze.rs:609 @ c2rust_analyze::analyze]: DefId(0:2787 ~ c2rust_port[716c]::src::cmp::csp_cmp_clock::csp_id_t::pri)
[DEBUG @ c2rust-analyze/src/analyze.rs:609 @ c2rust_analyze::analyze]: DefId(0:2788 ~ c2rust_port[716c]::src::cmp::csp_cmp_clock::csp_id_t::flags)
[DEBUG @ c2rust-analyze/src/analyze.rs:609 @ c2rust_analyze::analyze]: DefId(0:2789 ~ c2rust_port[716c]::src::cmp::csp_cmp_clock::csp_id_t::src)
[DEBUG @ c2rust-analyze/src/analyze.rs:609 @ c2rust_analyze::analyze]: DefId(0:2790 ~ c2rust_port[716c]::src::cmp::csp_cmp_clock::csp_id_t::dst)
[DEBUG @ c2rust-analyze/src/analyze.rs:609 @ c2rust_analyze::analyze]: DefId(0:2791 ~ c2rust_port[716c]::src::cmp::csp_cmp_clock::csp_id_t::dport)
[DEBUG @ c2rust-analyze/src/analyze.rs:609 @ c2rust_analyze::analyze]: DefId(0:2792 ~ c2rust_port[716c]::src::cmp::csp_cmp_clock::csp_id_t::sport)
[DEBUG @ c2rust-analyze/src/analyze.rs:605 @ c2rust_analyze::analyze]: DefId(0:2793 ~ c2rust_port[716c]::src::cmp::csp_cmp_clock::{impl#2})
[DEBUG @ c2rust-analyze/src/analyze.rs:605 @ c2rust_analyze::analyze]: DefId(0:2794 ~ c2rust_port[716c]::src::cmp::csp_cmp_clock::{impl#3})
[DEBUG @ c2rust-analyze/src/analyze.rs:605 @ c2rust_analyze::analyze]: DefId(0:2796 ~ c2rust_port[716c]::src::cmp::csp_cmp_clock::csp_packet_s)
[DEBUG @ c2rust-analyze/src/analyze.rs:609 @ c2rust_analyze::analyze]: DefId(0:2797 ~ c2rust_port[716c]::src::cmp::csp_cmp_clock::csp_packet_s::timestamp_tx)
[DEBUG @ c2rust-analyze/src/analyze.rs:609 @ c2rust_analyze::analyze]: DefId(0:2798 ~ c2rust_port[716c]::src::cmp::csp_cmp_clock::csp_packet_s::timestamp_rx)
[DEBUG @ c2rust-analyze/src/analyze.rs:609 @ c2rust_analyze::analyze]: DefId(0:2799 ~ c2rust_port[716c]::src::cmp::csp_cmp_clock::csp_packet_s::conn)
[DEBUG @ c2rust-analyze/src/analyze.rs:609 @ c2rust_analyze::analyze]: DefId(0:2800 ~ c2rust_port[716c]::src::cmp::csp_cmp_clock::csp_packet_s::rx_count)
[DEBUG @ c2rust-analyze/src/analyze.rs:609 @ c2rust_analyze::analyze]: DefId(0:2801 ~ c2rust_port[716c]::src::cmp::csp_cmp_clock::csp_packet_s::remain)
[DEBUG @ c2rust-analyze/src/analyze.rs:609 @ c2rust_analyze::analyze]: DefId(0:2802 ~ c2rust_port[716c]::src::cmp::csp_cmp_clock::csp_packet_s::cfpid)
[DEBUG @ c2rust-analyze/src/analyze.rs:609 @ c2rust_analyze::analyze]: DefId(0:2803 ~ c2rust_port[716c]::src::cmp::csp_cmp_clock::csp_packet_s::last_used)
[DEBUG @ c2rust-analyze/src/analyze.rs:609 @ c2rust_analyze::analyze]: DefId(0:2804 ~ c2rust_port[716c]::src::cmp::csp_cmp_clock::csp_packet_s::frame_begin)
[DEBUG @ c2rust-analyze/src/analyze.rs:609 @ c2rust_analyze::analyze]: DefId(0:2805 ~ c2rust_port[716c]::src::cmp::csp_cmp_clock::csp_packet_s::frame_length)
[DEBUG @ c2rust-analyze/src/analyze.rs:609 @ c2rust_analyze::analyze]: DefId(0:2806 ~ c2rust_port[716c]::src::cmp::csp_cmp_clock::csp_packet_s::length)
[DEBUG @ c2rust-analyze/src/analyze.rs:609 @ c2rust_analyze::analyze]: DefId(0:2807 ~ c2rust_port[716c]::src::cmp::csp_cmp_clock::csp_packet_s::id)
[DEBUG @ c2rust-analyze/src/analyze.rs:609 @ c2rust_analyze::analyze]: DefId(0:2808 ~ c2rust_port[716c]::src::cmp::csp_cmp_clock::csp_packet_s::next)
[DEBUG @ c2rust-analyze/src/analyze.rs:609 @ c2rust_analyze::analyze]: DefId(0:2809 ~ c2rust_port[716c]::src::cmp::csp_cmp_clock::csp_packet_s::header)
[DEBUG @ c2rust-analyze/src/analyze.rs:609 @ c2rust_analyze::analyze]: DefId(0:2811 ~ c2rust_port[716c]::src::cmp::csp_cmp_clock::csp_packet_s::c2rust_unnamed)
[DEBUG @ c2rust-analyze/src/analyze.rs:605 @ c2rust_analyze::analyze]: DefId(0:2812 ~ c2rust_port[716c]::src::cmp::csp_cmp_clock::{impl#4})
[DEBUG @ c2rust-analyze/src/analyze.rs:605 @ c2rust_analyze::analyze]: DefId(0:2813 ~ c2rust_port[716c]::src::cmp::csp_cmp_clock::{impl#5})
[DEBUG @ c2rust-analyze/src/analyze.rs:605 @ c2rust_analyze::analyze]: DefId(0:2816 ~ c2rust_port[716c]::src::cmp::csp_cmp_clock::C2RustUnnamed)
[DEBUG @ c2rust-analyze/src/analyze.rs:605 @ c2rust_analyze::analyze]: DefId(0:2823 ~ c2rust_port[716c]::src::cmp::csp_cmp_clock::{impl#6})
[DEBUG @ c2rust-analyze/src/analyze.rs:605 @ c2rust_analyze::analyze]: DefId(0:2824 ~ c2rust_port[716c]::src::cmp::csp_cmp_clock::{impl#7})
[DEBUG @ c2rust-analyze/src/analyze.rs:605 @ c2rust_analyze::analyze]: DefId(0:178 ~ c2rust_port[716c]::src::cmp::csp_cmp_clock::csp_packet_t)
[DEBUG @ c2rust-analyze/src/analyze.rs:605 @ c2rust_analyze::analyze]: DefId(0:2826 ~ c2rust_port[716c]::src::cmp::csp_cmp_clock::csp_cmp_clock_msg)
[DEBUG @ c2rust-analyze/src/analyze.rs:609 @ c2rust_analyze::analyze]: DefId(0:2827 ~ c2rust_port[716c]::src::cmp::csp_cmp_clock::csp_cmp_clock_msg::type_0)
[DEBUG @ c2rust-analyze/src/analyze.rs:609 @ c2rust_analyze::analyze]: DefId(0:2828 ~ c2rust_port[716c]::src::cmp::csp_cmp_clock::csp_cmp_clock_msg::code)
[DEBUG @ c2rust-analyze/src/analyze.rs:609 @ c2rust_analyze::analyze]: DefId(0:2829 ~ c2rust_port[716c]::src::cmp::csp_cmp_clock::csp_cmp_clock_msg::clock)
[DEBUG @ c2rust-analyze/src/analyze.rs:605 @ c2rust_analyze::analyze]: DefId(0:2830 ~ c2rust_port[716c]::src::cmp::csp_cmp_clock::{impl#8})
[DEBUG @ c2rust-analyze/src/analyze.rs:605 @ c2rust_analyze::analyze]: DefId(0:2831 ~ c2rust_port[716c]::src::cmp::csp_cmp_clock::{impl#9})
[DEBUG @ c2rust-analyze/src/analyze.rs:605 @ c2rust_analyze::analyze]: DefId(0:179 ~ c2rust_port[716c]::src::cmp::csp_cmp_clock::CSP_ERR_NONE)
[DEBUG @ c2rust-analyze/src/analyze.rs:605 @ c2rust_analyze::analyze]: DefId(0:180 ~ c2rust_port[716c]::src::cmp::csp_cmp_clock::CSP_ERR_INVAL)
[DEBUG @ c2rust-analyze/src/analyze.rs:605 @ c2rust_analyze::analyze]: DefId(0:181 ~ c2rust_port[716c]::src::cmp::csp_cmp_clock::CSP_DBG_ERR_CLOCK_SET_FAIL)
[DEBUG @ c2rust-analyze/src/analyze.rs:605 @ c2rust_analyze::analyze]: DefId(0:182 ~ c2rust_port[716c]::src::cmp::csp_cmp_clock::csp_cmp_check_len)
[DEBUG @ c2rust-analyze/src/analyze.rs:605 @ c2rust_analyze::analyze]: DefId(0:183 ~ c2rust_port[716c]::src::cmp::csp_cmp_clock::__bswap_32)
[DEBUG @ c2rust-analyze/src/analyze.rs:605 @ c2rust_analyze::analyze]: DefId(0:184 ~ c2rust_port[716c]::src::cmp::csp_cmp_clock::csp_cmp_clock_handler)
[DEBUG @ c2rust-analyze/src/analyze.rs:605 @ c2rust_analyze::analyze]: DefId(0:185 ~ c2rust_port[716c]::src::cmp::csp_cmp_dispatch)
[DEBUG @ c2rust-analyze/src/analyze.rs:605 @ c2rust_analyze::analyze]: DefId(0:186 ~ c2rust_port[716c]::src::cmp::csp_cmp_dispatch::{extern#0})
[DEBUG @ c2rust-analyze/src/analyze.rs:605 @ c2rust_analyze::analyze]: DefId(0:197 ~ c2rust_port[716c]::src::cmp::csp_cmp_dispatch::__uint8_t)
[DEBUG @ c2rust-analyze/src/analyze.rs:605 @ c2rust_analyze::analyze]: DefId(0:198 ~ c2rust_port[716c]::src::cmp::csp_cmp_dispatch::__uint16_t)
[DEBUG @ c2rust-analyze/src/analyze.rs:605 @ c2rust_analyze::analyze]: DefId(0:199 ~ c2rust_port[716c]::src::cmp::csp_cmp_dispatch::__uint32_t)
[DEBUG @ c2rust-analyze/src/analyze.rs:605 @ c2rust_analyze::analyze]: DefId(0:200 ~ c2rust_port[716c]::src::cmp::csp_cmp_dispatch::__uint64_t)
[DEBUG @ c2rust-analyze/src/analyze.rs:605 @ c2rust_analyze::analyze]: DefId(0:201 ~ c2rust_port[716c]::src::cmp::csp_cmp_dispatch::uint8_t)
[DEBUG @ c2rust-analyze/src/analyze.rs:605 @ c2rust_analyze::analyze]: DefId(0:202 ~ c2rust_port[716c]::src::cmp::csp_cmp_dispatch::uint16_t)
[DEBUG @ c2rust-analyze/src/analyze.rs:605 @ c2rust_analyze::analyze]: DefId(0:203 ~ c2rust_port[716c]::src::cmp::csp_cmp_dispatch::uint32_t)
[DEBUG @ c2rust-analyze/src/analyze.rs:605 @ c2rust_analyze::analyze]: DefId(0:204 ~ c2rust_port[716c]::src::cmp::csp_cmp_dispatch::uint64_t)
[DEBUG @ c2rust-analyze/src/analyze.rs:605 @ c2rust_analyze::analyze]: DefId(0:205 ~ c2rust_port[716c]::src::cmp::csp_cmp_dispatch::size_t)
[DEBUG @ c2rust-analyze/src/analyze.rs:605 @ c2rust_analyze::analyze]: DefId(0:2833 ~ c2rust_port[716c]::src::cmp::csp_cmp_dispatch::csp_id_t)
[DEBUG @ c2rust-analyze/src/analyze.rs:609 @ c2rust_analyze::analyze]: DefId(0:2834 ~ c2rust_port[716c]::src::cmp::csp_cmp_dispatch::csp_id_t::pri)
[DEBUG @ c2rust-analyze/src/analyze.rs:609 @ c2rust_analyze::analyze]: DefId(0:2835 ~ c2rust_port[716c]::src::cmp::csp_cmp_dispatch::csp_id_t::flags)
[DEBUG @ c2rust-analyze/src/analyze.rs:609 @ c2rust_analyze::analyze]: DefId(0:2836 ~ c2rust_port[716c]::src::cmp::csp_cmp_dispatch::csp_id_t::src)
[DEBUG @ c2rust-analyze/src/analyze.rs:609 @ c2rust_analyze::analyze]: DefId(0:2837 ~ c2rust_port[716c]::src::cmp::csp_cmp_dispatch::csp_id_t::dst)
[DEBUG @ c2rust-analyze/src/analyze.rs:609 @ c2rust_analyze::analyze]: DefId(0:2838 ~ c2rust_port[716c]::src::cmp::csp_cmp_dispatch::csp_id_t::dport)
[DEBUG @ c2rust-analyze/src/analyze.rs:609 @ c2rust_analyze::analyze]: DefId(0:2839 ~ c2rust_port[716c]::src::cmp::csp_cmp_dispatch::csp_id_t::sport)
[DEBUG @ c2rust-analyze/src/analyze.rs:605 @ c2rust_analyze::analyze]: DefId(0:2840 ~ c2rust_port[716c]::src::cmp::csp_cmp_dispatch::{impl#0})
[DEBUG @ c2rust-analyze/src/analyze.rs:605 @ c2rust_analyze::analyze]: DefId(0:2841 ~ c2rust_port[716c]::src::cmp::csp_cmp_dispatch::{impl#1})
[DEBUG @ c2rust-analyze/src/analyze.rs:605 @ c2rust_analyze::analyze]: DefId(0:2843 ~ c2rust_port[716c]::src::cmp::csp_cmp_dispatch::csp_packet_s)
[DEBUG @ c2rust-analyze/src/analyze.rs:609 @ c2rust_analyze::analyze]: DefId(0:2844 ~ c2rust_port[716c]::src::cmp::csp_cmp_dispatch::csp_packet_s::timestamp_tx)
[DEBUG @ c2rust-analyze/src/analyze.rs:609 @ c2rust_analyze::analyze]: DefId(0:2845 ~ c2rust_port[716c]::src::cmp::csp_cmp_dispatch::csp_packet_s::timestamp_rx)
[DEBUG @ c2rust-analyze/src/analyze.rs:609 @ c2rust_analyze::analyze]: DefId(0:2846 ~ c2rust_port[716c]::src::cmp::csp_cmp_dispatch::csp_packet_s::conn)
[DEBUG @ c2rust-analyze/src/analyze.rs:609 @ c2rust_analyze::analyze]: DefId(0:2847 ~ c2rust_port[716c]::src::cmp::csp_cmp_dispatch::csp_packet_s::rx_count)
[DEBUG @ c2rust-analyze/src/analyze.rs:609 @ c2rust_analyze::analyze]: DefId(0:2848 ~ c2rust_port[716c]::src::cmp::csp_cmp_dispatch::csp_packet_s::remain)
[DEBUG @ c2rust-analyze/src/analyze.rs:609 @ c2rust_analyze::analyze]: DefId(0:2849 ~ c2rust_port[716c]::src::cmp::csp_cmp_dispatch::csp_packet_s::cfpid)
[DEBUG @ c2rust-analyze/src/analyze.rs:609 @ c2rust_analyze::analyze]: DefId(0:2850 ~ c2rust_port[716c]::src::cmp::csp_cmp_dispatch::csp_packet_s::last_used)
[DEBUG @ c2rust-analyze/src/analyze.rs:609 @ c2rust_analyze::analyze]: DefId(0:2851 ~ c2rust_port[716c]::src::cmp::csp_cmp_dispatch::csp_packet_s::frame_begin)
[DEBUG @ c2rust-analyze/src/analyze.rs:609 @ c2rust_analyze::analyze]: DefId(0:2852 ~ c2rust_port[716c]::src::cmp::csp_cmp_dispatch::csp_packet_s::frame_length)
[DEBUG @ c2rust-analyze/src/analyze.rs:609 @ c2rust_analyze::analyze]: DefId(0:2853 ~ c2rust_port[716c]::src::cmp::csp_cmp_dispatch::csp_packet_s::length)
[DEBUG @ c2rust-analyze/src/analyze.rs:609 @ c2rust_analyze::analyze]: DefId(0:2854 ~ c2rust_port[716c]::src::cmp::csp_cmp_dispatch::csp_packet_s::id)
[DEBUG @ c2rust-analyze/src/analyze.rs:609 @ c2rust_analyze::analyze]: DefId(0:2855 ~ c2rust_port[716c]::src::cmp::csp_cmp_dispatch::csp_packet_s::next)
[DEBUG @ c2rust-analyze/src/analyze.rs:609 @ c2rust_analyze::analyze]: DefId(0:2856 ~ c2rust_port[716c]::src::cmp::csp_cmp_dispatch::csp_packet_s::header)
[DEBUG @ c2rust-analyze/src/analyze.rs:609 @ c2rust_analyze::analyze]: DefId(0:2858 ~ c2rust_port[716c]::src::cmp::csp_cmp_dispatch::csp_packet_s::c2rust_unnamed)
[DEBUG @ c2rust-analyze/src/analyze.rs:605 @ c2rust_analyze::analyze]: DefId(0:2859 ~ c2rust_port[716c]::src::cmp::csp_cmp_dispatch::{impl#2})
[DEBUG @ c2rust-analyze/src/analyze.rs:605 @ c2rust_analyze::analyze]: DefId(0:2860 ~ c2rust_port[716c]::src::cmp::csp_cmp_dispatch::{impl#3})
[DEBUG @ c2rust-analyze/src/analyze.rs:605 @ c2rust_analyze::analyze]: DefId(0:2863 ~ c2rust_port[716c]::src::cmp::csp_cmp_dispatch::C2RustUnnamed)
[DEBUG @ c2rust-analyze/src/analyze.rs:605 @ c2rust_analyze::analyze]: DefId(0:2870 ~ c2rust_port[716c]::src::cmp::csp_cmp_dispatch::{impl#4})
[DEBUG @ c2rust-analyze/src/analyze.rs:605 @ c2rust_analyze::analyze]: DefId(0:2871 ~ c2rust_port[716c]::src::cmp::csp_cmp_dispatch::{impl#5})
[DEBUG @ c2rust-analyze/src/analyze.rs:605 @ c2rust_analyze::analyze]: DefId(0:206 ~ c2rust_port[716c]::src::cmp::csp_cmp_dispatch::csp_packet_t)
[DEBUG @ c2rust-analyze/src/analyze.rs:605 @ c2rust_analyze::analyze]: DefId(0:207 ~ c2rust_port[716c]::src::cmp::csp_cmp_dispatch::C2RustUnnamed_0)
[DEBUG @ c2rust-analyze/src/analyze.rs:605 @ c2rust_analyze::analyze]: DefId(0:208 ~ c2rust_port[716c]::src::cmp::csp_cmp_dispatch::CSP_CMP_REPLY)
[DEBUG @ c2rust-analyze/src/analyze.rs:605 @ c2rust_analyze::analyze]: DefId(0:209 ~ c2rust_port[716c]::src::cmp::csp_cmp_dispatch::CSP_CMP_REQUEST)
[DEBUG @ c2rust-analyze/src/analyze.rs:605 @ c2rust_analyze::analyze]: DefId(0:210 ~ c2rust_port[716c]::src::cmp::csp_cmp_dispatch::C2RustUnnamed_1)
[DEBUG @ c2rust-analyze/src/analyze.rs:605 @ c2rust_analyze::analyze]: DefId(0:211 ~ c2rust_port[716c]::src::cmp::csp_cmp_dispatch::CSP_CMP_POKE_V2)
[DEBUG @ c2rust-analyze/src/analyze.rs:605 @ c2rust_analyze::analyze]: DefId(0:212 ~ c2rust_port[716c]::src::cmp::csp_cmp_dispatch::CSP_CMP_PEEK_V2)
[DEBUG @ c2rust-analyze/src/analyze.rs:605 @ c2rust_analyze::analyze]: DefId(0:213 ~ c2rust_port[716c]::src::cmp::csp_cmp_dispatch::CSP_CMP_ROUTE_SET_V2)
[DEBUG @ c2rust-analyze/src/analyze.rs:605 @ c2rust_analyze::analyze]: DefId(0:214 ~ c2rust_port[716c]::src::cmp::csp_cmp_dispatch::CSP_CMP_CLOCK)
[DEBUG @ c2rust-analyze/src/analyze.rs:605 @ c2rust_analyze::analyze]: DefId(0:215 ~ c2rust_port[716c]::src::cmp::csp_cmp_dispatch::CSP_CMP_POKE)
[DEBUG @ c2rust-analyze/src/analyze.rs:605 @ c2rust_analyze::analyze]: DefId(0:216 ~ c2rust_port[716c]::src::cmp::csp_cmp_dispatch::CSP_CMP_PEEK)
[DEBUG @ c2rust-analyze/src/analyze.rs:605 @ c2rust_analyze::analyze]: DefId(0:217 ~ c2rust_port[716c]::src::cmp::csp_cmp_dispatch::CSP_CMP_IF_STATS)
[DEBUG @ c2rust-analyze/src/analyze.rs:605 @ c2rust_analyze::analyze]: DefId(0:218 ~ c2rust_port[716c]::src::cmp::csp_cmp_dispatch::CSP_CMP_ROUTE_SET_V1)
[DEBUG @ c2rust-analyze/src/analyze.rs:605 @ c2rust_analyze::analyze]: DefId(0:219 ~ c2rust_port[716c]::src::cmp::csp_cmp_dispatch::CSP_CMP_IDENT)
[DEBUG @ c2rust-analyze/src/analyze.rs:605 @ c2rust_analyze::analyze]: DefId(0:2873 ~ c2rust_port[716c]::src::cmp::csp_cmp_dispatch::csp_cmp_header)
[DEBUG @ c2rust-analyze/src/analyze.rs:609 @ c2rust_analyze::analyze]: DefId(0:2874 ~ c2rust_port[716c]::src::cmp::csp_cmp_dispatch::csp_cmp_header::type_0)
[DEBUG @ c2rust-analyze/src/analyze.rs:609 @ c2rust_analyze::analyze]: DefId(0:2875 ~ c2rust_port[716c]::src::cmp::csp_cmp_dispatch::csp_cmp_header::code)
[DEBUG @ c2rust-analyze/src/analyze.rs:605 @ c2rust_analyze::analyze]: DefId(0:2876 ~ c2rust_port[716c]::src::cmp::csp_cmp_dispatch::{impl#6})
[DEBUG @ c2rust-analyze/src/analyze.rs:605 @ c2rust_analyze::analyze]: DefId(0:2877 ~ c2rust_port[716c]::src::cmp::csp_cmp_dispatch::{impl#7})
[DEBUG @ c2rust-analyze/src/analyze.rs:605 @ c2rust_analyze::analyze]: DefId(0:220 ~ c2rust_port[716c]::src::cmp::csp_cmp_dispatch::CSP_ERR_NONE)
[DEBUG @ c2rust-analyze/src/analyze.rs:605 @ c2rust_analyze::analyze]: DefId(0:221 ~ c2rust_port[716c]::src::cmp::csp_cmp_dispatch::CSP_ERR_INVAL)
[DEBUG @ c2rust-analyze/src/analyze.rs:605 @ c2rust_analyze::analyze]: DefId(0:222 ~ c2rust_port[716c]::src::cmp::csp_cmp_dispatch::csp_cmp_check_len)
[DEBUG @ c2rust-analyze/src/analyze.rs:605 @ c2rust_analyze::analyze]: DefId(0:223 ~ c2rust_port[716c]::src::cmp::csp_cmp_dispatch::csp_cmp_handler)
[DEBUG @ c2rust-analyze/src/analyze.rs:605 @ c2rust_analyze::analyze]: DefId(0:224 ~ c2rust_port[716c]::src::cmp::csp_cmp_ident)
[DEBUG @ c2rust-analyze/src/analyze.rs:605 @ c2rust_analyze::analyze]: DefId(0:225 ~ c2rust_port[716c]::src::cmp::csp_cmp_ident::{extern#0})
[DEBUG @ c2rust-analyze/src/analyze.rs:605 @ c2rust_analyze::analyze]: DefId(0:229 ~ c2rust_port[716c]::src::cmp::csp_cmp_ident::__uint8_t)
[DEBUG @ c2rust-analyze/src/analyze.rs:605 @ c2rust_analyze::analyze]: DefId(0:230 ~ c2rust_port[716c]::src::cmp::csp_cmp_ident::__uint16_t)
[DEBUG @ c2rust-analyze/src/analyze.rs:605 @ c2rust_analyze::analyze]: DefId(0:231 ~ c2rust_port[716c]::src::cmp::csp_cmp_ident::__uint32_t)
[DEBUG @ c2rust-analyze/src/analyze.rs:605 @ c2rust_analyze::analyze]: DefId(0:232 ~ c2rust_port[716c]::src::cmp::csp_cmp_ident::__uint64_t)
[DEBUG @ c2rust-analyze/src/analyze.rs:605 @ c2rust_analyze::analyze]: DefId(0:233 ~ c2rust_port[716c]::src::cmp::csp_cmp_ident::uint8_t)
[DEBUG @ c2rust-analyze/src/analyze.rs:605 @ c2rust_analyze::analyze]: DefId(0:234 ~ c2rust_port[716c]::src::cmp::csp_cmp_ident::uint16_t)
[DEBUG @ c2rust-analyze/src/analyze.rs:605 @ c2rust_analyze::analyze]: DefId(0:235 ~ c2rust_port[716c]::src::cmp::csp_cmp_ident::uint32_t)
[DEBUG @ c2rust-analyze/src/analyze.rs:605 @ c2rust_analyze::analyze]: DefId(0:236 ~ c2rust_port[716c]::src::cmp::csp_cmp_ident::uint64_t)
[DEBUG @ c2rust-analyze/src/analyze.rs:605 @ c2rust_analyze::analyze]: DefId(0:237 ~ c2rust_port[716c]::src::cmp::csp_cmp_ident::size_t)
[DEBUG @ c2rust-analyze/src/analyze.rs:605 @ c2rust_analyze::analyze]: DefId(0:2879 ~ c2rust_port[716c]::src::cmp::csp_cmp_ident::csp_id_t)
[DEBUG @ c2rust-analyze/src/analyze.rs:609 @ c2rust_analyze::analyze]: DefId(0:2880 ~ c2rust_port[716c]::src::cmp::csp_cmp_ident::csp_id_t::pri)
[DEBUG @ c2rust-analyze/src/analyze.rs:609 @ c2rust_analyze::analyze]: DefId(0:2881 ~ c2rust_port[716c]::src::cmp::csp_cmp_ident::csp_id_t::flags)
[DEBUG @ c2rust-analyze/src/analyze.rs:609 @ c2rust_analyze::analyze]: DefId(0:2882 ~ c2rust_port[716c]::src::cmp::csp_cmp_ident::csp_id_t::src)
[DEBUG @ c2rust-analyze/src/analyze.rs:609 @ c2rust_analyze::analyze]: DefId(0:2883 ~ c2rust_port[716c]::src::cmp::csp_cmp_ident::csp_id_t::dst)
[DEBUG @ c2rust-analyze/src/analyze.rs:609 @ c2rust_analyze::analyze]: DefId(0:2884 ~ c2rust_port[716c]::src::cmp::csp_cmp_ident::csp_id_t::dport)
[DEBUG @ c2rust-analyze/src/analyze.rs:609 @ c2rust_analyze::analyze]: DefId(0:2885 ~ c2rust_port[716c]::src::cmp::csp_cmp_ident::csp_id_t::sport)
[DEBUG @ c2rust-analyze/src/analyze.rs:605 @ c2rust_analyze::analyze]: DefId(0:2886 ~ c2rust_port[716c]::src::cmp::csp_cmp_ident::{impl#0})
[DEBUG @ c2rust-analyze/src/analyze.rs:605 @ c2rust_analyze::analyze]: DefId(0:2887 ~ c2rust_port[716c]::src::cmp::csp_cmp_ident::{impl#1})
[DEBUG @ c2rust-analyze/src/analyze.rs:605 @ c2rust_analyze::analyze]: DefId(0:2889 ~ c2rust_port[716c]::src::cmp::csp_cmp_ident::csp_packet_s)
[DEBUG @ c2rust-analyze/src/analyze.rs:609 @ c2rust_analyze::analyze]: DefId(0:2890 ~ c2rust_port[716c]::src::cmp::csp_cmp_ident::csp_packet_s::timestamp_tx)
[DEBUG @ c2rust-analyze/src/analyze.rs:609 @ c2rust_analyze::analyze]: DefId(0:2891 ~ c2rust_port[716c]::src::cmp::csp_cmp_ident::csp_packet_s::timestamp_rx)
[DEBUG @ c2rust-analyze/src/analyze.rs:609 @ c2rust_analyze::analyze]: DefId(0:2892 ~ c2rust_port[716c]::src::cmp::csp_cmp_ident::csp_packet_s::conn)
[DEBUG @ c2rust-analyze/src/analyze.rs:609 @ c2rust_analyze::analyze]: DefId(0:2893 ~ c2rust_port[716c]::src::cmp::csp_cmp_ident::csp_packet_s::rx_count)
[DEBUG @ c2rust-analyze/src/analyze.rs:609 @ c2rust_analyze::analyze]: DefId(0:2894 ~ c2rust_port[716c]::src::cmp::csp_cmp_ident::csp_packet_s::remain)
[DEBUG @ c2rust-analyze/src/analyze.rs:609 @ c2rust_analyze::analyze]: DefId(0:2895 ~ c2rust_port[716c]::src::cmp::csp_cmp_ident::csp_packet_s::cfpid)
[DEBUG @ c2rust-analyze/src/analyze.rs:609 @ c2rust_analyze::analyze]: DefId(0:2896 ~ c2rust_port[716c]::src::cmp::csp_cmp_ident::csp_packet_s::last_used)
[DEBUG @ c2rust-analyze/src/analyze.rs:609 @ c2rust_analyze::analyze]: DefId(0:2897 ~ c2rust_port[716c]::src::cmp::csp_cmp_ident::csp_packet_s::frame_begin)
[DEBUG @ c2rust-analyze/src/analyze.rs:609 @ c2rust_analyze::analyze]: DefId(0:2898 ~ c2rust_port[716c]::src::cmp::csp_cmp_ident::csp_packet_s::frame_length)
[DEBUG @ c2rust-analyze/src/analyze.rs:609 @ c2rust_analyze::analyze]: DefId(0:2899 ~ c2rust_port[716c]::src::cmp::csp_cmp_ident::csp_packet_s::length)
[DEBUG @ c2rust-analyze/src/analyze.rs:609 @ c2rust_analyze::analyze]: DefId(0:2900 ~ c2rust_port[716c]::src::cmp::csp_cmp_ident::csp_packet_s::id)
[DEBUG @ c2rust-analyze/src/analyze.rs:609 @ c2rust_analyze::analyze]: DefId(0:2901 ~ c2rust_port[716c]::src::cmp::csp_cmp_ident::csp_packet_s::next)
[DEBUG @ c2rust-analyze/src/analyze.rs:609 @ c2rust_analyze::analyze]: DefId(0:2902 ~ c2rust_port[716c]::src::cmp::csp_cmp_ident::csp_packet_s::header)
[DEBUG @ c2rust-analyze/src/analyze.rs:609 @ c2rust_analyze::analyze]: DefId(0:2904 ~ c2rust_port[716c]::src::cmp::csp_cmp_ident::csp_packet_s::c2rust_unnamed)
[DEBUG @ c2rust-analyze/src/analyze.rs:605 @ c2rust_analyze::analyze]: DefId(0:2905 ~ c2rust_port[716c]::src::cmp::csp_cmp_ident::{impl#2})
[DEBUG @ c2rust-analyze/src/analyze.rs:605 @ c2rust_analyze::analyze]: DefId(0:2906 ~ c2rust_port[716c]::src::cmp::csp_cmp_ident::{impl#3})
[DEBUG @ c2rust-analyze/src/analyze.rs:605 @ c2rust_analyze::analyze]: DefId(0:2909 ~ c2rust_port[716c]::src::cmp::csp_cmp_ident::C2RustUnnamed)
[DEBUG @ c2rust-analyze/src/analyze.rs:605 @ c2rust_analyze::analyze]: DefId(0:2916 ~ c2rust_port[716c]::src::cmp::csp_cmp_ident::{impl#4})
[DEBUG @ c2rust-analyze/src/analyze.rs:605 @ c2rust_analyze::analyze]: DefId(0:2917 ~ c2rust_port[716c]::src::cmp::csp_cmp_ident::{impl#5})
[DEBUG @ c2rust-analyze/src/analyze.rs:605 @ c2rust_analyze::analyze]: DefId(0:238 ~ c2rust_port[716c]::src::cmp::csp_cmp_ident::csp_packet_t)
[DEBUG @ c2rust-analyze/src/analyze.rs:605 @ c2rust_analyze::analyze]: DefId(0:2919 ~ c2rust_port[716c]::src::cmp::csp_cmp_ident::csp_conf_s)
[DEBUG @ c2rust-analyze/src/analyze.rs:609 @ c2rust_analyze::analyze]: DefId(0:2920 ~ c2rust_port[716c]::src::cmp::csp_cmp_ident::csp_conf_s::version)
[DEBUG @ c2rust-analyze/src/analyze.rs:609 @ c2rust_analyze::analyze]: DefId(0:2921 ~ c2rust_port[716c]::src::cmp::csp_cmp_ident::csp_conf_s::hostname)
[DEBUG @ c2rust-analyze/src/analyze.rs:609 @ c2rust_analyze::analyze]: DefId(0:2922 ~ c2rust_port[716c]::src::cmp::csp_cmp_ident::csp_conf_s::model)
[DEBUG @ c2rust-analyze/src/analyze.rs:609 @ c2rust_analyze::analyze]: DefId(0:2923 ~ c2rust_port[716c]::src::cmp::csp_cmp_ident::csp_conf_s::revision)
[DEBUG @ c2rust-analyze/src/analyze.rs:609 @ c2rust_analyze::analyze]: DefId(0:2924 ~ c2rust_port[716c]::src::cmp::csp_cmp_ident::csp_conf_s::conn_dfl_so)
[DEBUG @ c2rust-analyze/src/analyze.rs:609 @ c2rust_analyze::analyze]: DefId(0:2925 ~ c2rust_port[716c]::src::cmp::csp_cmp_ident::csp_conf_s::dedup)
[DEBUG @ c2rust-analyze/src/analyze.rs:605 @ c2rust_analyze::analyze]: DefId(0:2926 ~ c2rust_port[716c]::src::cmp::csp_cmp_ident::{impl#6})
[DEBUG @ c2rust-analyze/src/analyze.rs:605 @ c2rust_analyze::analyze]: DefId(0:2927 ~ c2rust_port[716c]::src::cmp::csp_cmp_ident::{impl#7})
[DEBUG @ c2rust-analyze/src/analyze.rs:605 @ c2rust_analyze::analyze]: DefId(0:239 ~ c2rust_port[716c]::src::cmp::csp_cmp_ident::csp_conf_t)
[DEBUG @ c2rust-analyze/src/analyze.rs:605 @ c2rust_analyze::analyze]: DefId(0:2929 ~ c2rust_port[716c]::src::cmp::csp_cmp_ident::csp_cmp_ident_msg)
[DEBUG @ c2rust-analyze/src/analyze.rs:609 @ c2rust_analyze::analyze]: DefId(0:2930 ~ c2rust_port[716c]::src::cmp::csp_cmp_ident::csp_cmp_ident_msg::type_0)
[DEBUG @ c2rust-analyze/src/analyze.rs:609 @ c2rust_analyze::analyze]: DefId(0:2931 ~ c2rust_port[716c]::src::cmp::csp_cmp_ident::csp_cmp_ident_msg::code)
[DEBUG @ c2rust-analyze/src/analyze.rs:609 @ c2rust_analyze::analyze]: DefId(0:2932 ~ c2rust_port[716c]::src::cmp::csp_cmp_ident::csp_cmp_ident_msg::hostname)
[DEBUG @ c2rust-analyze/src/analyze.rs:609 @ c2rust_analyze::analyze]: DefId(0:2934 ~ c2rust_port[716c]::src::cmp::csp_cmp_ident::csp_cmp_ident_msg::model)
[DEBUG @ c2rust-analyze/src/analyze.rs:609 @ c2rust_analyze::analyze]: DefId(0:2936 ~ c2rust_port[716c]::src::cmp::csp_cmp_ident::csp_cmp_ident_msg::revision)
[DEBUG @ c2rust-analyze/src/analyze.rs:609 @ c2rust_analyze::analyze]: DefId(0:2938 ~ c2rust_port[716c]::src::cmp::csp_cmp_ident::csp_cmp_ident_msg::date)
[DEBUG @ c2rust-analyze/src/analyze.rs:609 @ c2rust_analyze::analyze]: DefId(0:2940 ~ c2rust_port[716c]::src::cmp::csp_cmp_ident::csp_cmp_ident_msg::time)
[DEBUG @ c2rust-analyze/src/analyze.rs:605 @ c2rust_analyze::analyze]: DefId(0:2942 ~ c2rust_port[716c]::src::cmp::csp_cmp_ident::{impl#8})
[DEBUG @ c2rust-analyze/src/analyze.rs:605 @ c2rust_analyze::analyze]: DefId(0:2943 ~ c2rust_port[716c]::src::cmp::csp_cmp_ident::{impl#9})
[DEBUG @ c2rust-analyze/src/analyze.rs:605 @ c2rust_analyze::analyze]: DefId(0:240 ~ c2rust_port[716c]::src::cmp::csp_cmp_ident::CSP_ERR_NONE)
[DEBUG @ c2rust-analyze/src/analyze.rs:605 @ c2rust_analyze::analyze]: DefId(0:241 ~ c2rust_port[716c]::src::cmp::csp_cmp_ident::CSP_ERR_INVAL)
[DEBUG @ c2rust-analyze/src/analyze.rs:605 @ c2rust_analyze::analyze]: DefId(0:242 ~ c2rust_port[716c]::src::cmp::csp_cmp_ident::CSP_HOSTNAME_LEN)
[DEBUG @ c2rust-analyze/src/analyze.rs:605 @ c2rust_analyze::analyze]: DefId(0:243 ~ c2rust_port[716c]::src::cmp::csp_cmp_ident::CSP_MODEL_LEN)
[DEBUG @ c2rust-analyze/src/analyze.rs:605 @ c2rust_analyze::analyze]: DefId(0:244 ~ c2rust_port[716c]::src::cmp::csp_cmp_ident::CSP_CMP_IDENT_REV_LEN)
[DEBUG @ c2rust-analyze/src/analyze.rs:605 @ c2rust_analyze::analyze]: DefId(0:245 ~ c2rust_port[716c]::src::cmp::csp_cmp_ident::CSP_CMP_IDENT_DATE_LEN)
[DEBUG @ c2rust-analyze/src/analyze.rs:605 @ c2rust_analyze::analyze]: DefId(0:246 ~ c2rust_port[716c]::src::cmp::csp_cmp_ident::CSP_CMP_IDENT_TIME_LEN)
[DEBUG @ c2rust-analyze/src/analyze.rs:605 @ c2rust_analyze::analyze]: DefId(0:247 ~ c2rust_port[716c]::src::cmp::csp_cmp_ident::csp_cmp_check_len)
[DEBUG @ c2rust-analyze/src/analyze.rs:605 @ c2rust_analyze::analyze]: DefId(0:248 ~ c2rust_port[716c]::src::cmp::csp_cmp_ident::csp_cmp_ident_handler)
[DEBUG @ c2rust-analyze/src/analyze.rs:605 @ c2rust_analyze::analyze]: DefId(0:249 ~ c2rust_port[716c]::src::cmp::csp_cmp_if_stats)
[DEBUG @ c2rust-analyze/src/analyze.rs:605 @ c2rust_analyze::analyze]: DefId(0:250 ~ c2rust_port[716c]::src::cmp::csp_cmp_if_stats::{extern#0})
[DEBUG @ c2rust-analyze/src/analyze.rs:605 @ c2rust_analyze::analyze]: DefId(0:253 ~ c2rust_port[716c]::src::cmp::csp_cmp_if_stats::__uint8_t)
[DEBUG @ c2rust-analyze/src/analyze.rs:605 @ c2rust_analyze::analyze]: DefId(0:254 ~ c2rust_port[716c]::src::cmp::csp_cmp_if_stats::__uint16_t)
[DEBUG @ c2rust-analyze/src/analyze.rs:605 @ c2rust_analyze::analyze]: DefId(0:255 ~ c2rust_port[716c]::src::cmp::csp_cmp_if_stats::__uint32_t)
[DEBUG @ c2rust-analyze/src/analyze.rs:605 @ c2rust_analyze::analyze]: DefId(0:256 ~ c2rust_port[716c]::src::cmp::csp_cmp_if_stats::__uint64_t)
[DEBUG @ c2rust-analyze/src/analyze.rs:605 @ c2rust_analyze::analyze]: DefId(0:257 ~ c2rust_port[716c]::src::cmp::csp_cmp_if_stats::uint8_t)
[DEBUG @ c2rust-analyze/src/analyze.rs:605 @ c2rust_analyze::analyze]: DefId(0:258 ~ c2rust_port[716c]::src::cmp::csp_cmp_if_stats::uint16_t)
[DEBUG @ c2rust-analyze/src/analyze.rs:605 @ c2rust_analyze::analyze]: DefId(0:259 ~ c2rust_port[716c]::src::cmp::csp_cmp_if_stats::uint32_t)
[DEBUG @ c2rust-analyze/src/analyze.rs:605 @ c2rust_analyze::analyze]: DefId(0:260 ~ c2rust_port[716c]::src::cmp::csp_cmp_if_stats::uint64_t)
[DEBUG @ c2rust-analyze/src/analyze.rs:605 @ c2rust_analyze::analyze]: DefId(0:261 ~ c2rust_port[716c]::src::cmp::csp_cmp_if_stats::size_t)
[DEBUG @ c2rust-analyze/src/analyze.rs:605 @ c2rust_analyze::analyze]: DefId(0:2950 ~ c2rust_port[716c]::src::cmp::csp_cmp_if_stats::csp_id_t)
[DEBUG @ c2rust-analyze/src/analyze.rs:609 @ c2rust_analyze::analyze]: DefId(0:2951 ~ c2rust_port[716c]::src::cmp::csp_cmp_if_stats::csp_id_t::pri)
[DEBUG @ c2rust-analyze/src/analyze.rs:609 @ c2rust_analyze::analyze]: DefId(0:2952 ~ c2rust_port[716c]::src::cmp::csp_cmp_if_stats::csp_id_t::flags)
[DEBUG @ c2rust-analyze/src/analyze.rs:609 @ c2rust_analyze::analyze]: DefId(0:2953 ~ c2rust_port[716c]::src::cmp::csp_cmp_if_stats::csp_id_t::src)
[DEBUG @ c2rust-analyze/src/analyze.rs:609 @ c2rust_analyze::analyze]: DefId(0:2954 ~ c2rust_port[716c]::src::cmp::csp_cmp_if_stats::csp_id_t::dst)
[DEBUG @ c2rust-analyze/src/analyze.rs:609 @ c2rust_analyze::analyze]: DefId(0:2955 ~ c2rust_port[716c]::src::cmp::csp_cmp_if_stats::csp_id_t::dport)
[DEBUG @ c2rust-analyze/src/analyze.rs:609 @ c2rust_analyze::analyze]: DefId(0:2956 ~ c2rust_port[716c]::src::cmp::csp_cmp_if_stats::csp_id_t::sport)
[DEBUG @ c2rust-analyze/src/analyze.rs:605 @ c2rust_analyze::analyze]: DefId(0:2957 ~ c2rust_port[716c]::src::cmp::csp_cmp_if_stats::{impl#0})
[DEBUG @ c2rust-analyze/src/analyze.rs:605 @ c2rust_analyze::analyze]: DefId(0:2958 ~ c2rust_port[716c]::src::cmp::csp_cmp_if_stats::{impl#1})
[DEBUG @ c2rust-analyze/src/analyze.rs:605 @ c2rust_analyze::analyze]: DefId(0:2960 ~ c2rust_port[716c]::src::cmp::csp_cmp_if_stats::csp_packet_s)
[DEBUG @ c2rust-analyze/src/analyze.rs:609 @ c2rust_analyze::analyze]: DefId(0:2961 ~ c2rust_port[716c]::src::cmp::csp_cmp_if_stats::csp_packet_s::timestamp_tx)
[DEBUG @ c2rust-analyze/src/analyze.rs:609 @ c2rust_analyze::analyze]: DefId(0:2962 ~ c2rust_port[716c]::src::cmp::csp_cmp_if_stats::csp_packet_s::timestamp_rx)
[DEBUG @ c2rust-analyze/src/analyze.rs:609 @ c2rust_analyze::analyze]: DefId(0:2963 ~ c2rust_port[716c]::src::cmp::csp_cmp_if_stats::csp_packet_s::conn)
[DEBUG @ c2rust-analyze/src/analyze.rs:609 @ c2rust_analyze::analyze]: DefId(0:2964 ~ c2rust_port[716c]::src::cmp::csp_cmp_if_stats::csp_packet_s::rx_count)
[DEBUG @ c2rust-analyze/src/analyze.rs:609 @ c2rust_analyze::analyze]: DefId(0:2965 ~ c2rust_port[716c]::src::cmp::csp_cmp_if_stats::csp_packet_s::remain)
[DEBUG @ c2rust-analyze/src/analyze.rs:609 @ c2rust_analyze::analyze]: DefId(0:2966 ~ c2rust_port[716c]::src::cmp::csp_cmp_if_stats::csp_packet_s::cfpid)
[DEBUG @ c2rust-analyze/src/analyze.rs:609 @ c2rust_analyze::analyze]: DefId(0:2967 ~ c2rust_port[716c]::src::cmp::csp_cmp_if_stats::csp_packet_s::last_used)
[DEBUG @ c2rust-analyze/src/analyze.rs:609 @ c2rust_analyze::analyze]: DefId(0:2968 ~ c2rust_port[716c]::src::cmp::csp_cmp_if_stats::csp_packet_s::frame_begin)
[DEBUG @ c2rust-analyze/src/analyze.rs:609 @ c2rust_analyze::analyze]: DefId(0:2969 ~ c2rust_port[716c]::src::cmp::csp_cmp_if_stats::csp_packet_s::frame_length)
[DEBUG @ c2rust-analyze/src/analyze.rs:609 @ c2rust_analyze::analyze]: DefId(0:2970 ~ c2rust_port[716c]::src::cmp::csp_cmp_if_stats::csp_packet_s::length)
[DEBUG @ c2rust-analyze/src/analyze.rs:609 @ c2rust_analyze::analyze]: DefId(0:2971 ~ c2rust_port[716c]::src::cmp::csp_cmp_if_stats::csp_packet_s::id)
[DEBUG @ c2rust-analyze/src/analyze.rs:609 @ c2rust_analyze::analyze]: DefId(0:2972 ~ c2rust_port[716c]::src::cmp::csp_cmp_if_stats::csp_packet_s::next)
[DEBUG @ c2rust-analyze/src/analyze.rs:609 @ c2rust_analyze::analyze]: DefId(0:2973 ~ c2rust_port[716c]::src::cmp::csp_cmp_if_stats::csp_packet_s::header)
[DEBUG @ c2rust-analyze/src/analyze.rs:609 @ c2rust_analyze::analyze]: DefId(0:2975 ~ c2rust_port[716c]::src::cmp::csp_cmp_if_stats::csp_packet_s::c2rust_unnamed)
[DEBUG @ c2rust-analyze/src/analyze.rs:605 @ c2rust_analyze::analyze]: DefId(0:2976 ~ c2rust_port[716c]::src::cmp::csp_cmp_if_stats::{impl#2})
[DEBUG @ c2rust-analyze/src/analyze.rs:605 @ c2rust_analyze::analyze]: DefId(0:2977 ~ c2rust_port[716c]::src::cmp::csp_cmp_if_stats::{impl#3})
[DEBUG @ c2rust-analyze/src/analyze.rs:605 @ c2rust_analyze::analyze]: DefId(0:2980 ~ c2rust_port[716c]::src::cmp::csp_cmp_if_stats::C2RustUnnamed)
[DEBUG @ c2rust-analyze/src/analyze.rs:605 @ c2rust_analyze::analyze]: DefId(0:2987 ~ c2rust_port[716c]::src::cmp::csp_cmp_if_stats::{impl#4})
[DEBUG @ c2rust-analyze/src/analyze.rs:605 @ c2rust_analyze::analyze]: DefId(0:2988 ~ c2rust_port[716c]::src::cmp::csp_cmp_if_stats::{impl#5})
[DEBUG @ c2rust-analyze/src/analyze.rs:605 @ c2rust_analyze::analyze]: DefId(0:262 ~ c2rust_port[716c]::src::cmp::csp_cmp_if_stats::csp_packet_t)
[DEBUG @ c2rust-analyze/src/analyze.rs:605 @ c2rust_analyze::analyze]: DefId(0:2990 ~ c2rust_port[716c]::src::cmp::csp_cmp_if_stats::csp_iface_s)
[DEBUG @ c2rust-analyze/src/analyze.rs:609 @ c2rust_analyze::analyze]: DefId(0:2991 ~ c2rust_port[716c]::src::cmp::csp_cmp_if_stats::csp_iface_s::addr)
[DEBUG @ c2rust-analyze/src/analyze.rs:609 @ c2rust_analyze::analyze]: DefId(0:2992 ~ c2rust_port[716c]::src::cmp::csp_cmp_if_stats::csp_iface_s::netmask)
[DEBUG @ c2rust-analyze/src/analyze.rs:609 @ c2rust_analyze::analyze]: DefId(0:2993 ~ c2rust_port[716c]::src::cmp::csp_cmp_if_stats::csp_iface_s::name)
[DEBUG @ c2rust-analyze/src/analyze.rs:609 @ c2rust_analyze::analyze]: DefId(0:2994 ~ c2rust_port[716c]::src::cmp::csp_cmp_if_stats::csp_iface_s::interface_data)
[DEBUG @ c2rust-analyze/src/analyze.rs:609 @ c2rust_analyze::analyze]: DefId(0:2995 ~ c2rust_port[716c]::src::cmp::csp_cmp_if_stats::csp_iface_s::driver_data)
[DEBUG @ c2rust-analyze/src/analyze.rs:609 @ c2rust_analyze::analyze]: DefId(0:2996 ~ c2rust_port[716c]::src::cmp::csp_cmp_if_stats::csp_iface_s::nexthop)
[DEBUG @ c2rust-analyze/src/analyze.rs:609 @ c2rust_analyze::analyze]: DefId(0:2997 ~ c2rust_port[716c]::src::cmp::csp_cmp_if_stats::csp_iface_s::add_alias)
[DEBUG @ c2rust-analyze/src/analyze.rs:609 @ c2rust_analyze::analyze]: DefId(0:2998 ~ c2rust_port[716c]::src::cmp::csp_cmp_if_stats::csp_iface_s::is_default)
[DEBUG @ c2rust-analyze/src/analyze.rs:609 @ c2rust_analyze::analyze]: DefId(0:2999 ~ c2rust_port[716c]::src::cmp::csp_cmp_if_stats::csp_iface_s::tx)
[DEBUG @ c2rust-analyze/src/analyze.rs:609 @ c2rust_analyze::analyze]: DefId(0:3000 ~ c2rust_port[716c]::src::cmp::csp_cmp_if_stats::csp_iface_s::rx)
[DEBUG @ c2rust-analyze/src/analyze.rs:609 @ c2rust_analyze::analyze]: DefId(0:3001 ~ c2rust_port[716c]::src::cmp::csp_cmp_if_stats::csp_iface_s::tx_error)
[DEBUG @ c2rust-analyze/src/analyze.rs:609 @ c2rust_analyze::analyze]: DefId(0:3002 ~ c2rust_port[716c]::src::cmp::csp_cmp_if_stats::csp_iface_s::rx_error)
[DEBUG @ c2rust-analyze/src/analyze.rs:609 @ c2rust_analyze::analyze]: DefId(0:3003 ~ c2rust_port[716c]::src::cmp::csp_cmp_if_stats::csp_iface_s::drop)
[DEBUG @ c2rust-analyze/src/analyze.rs:609 @ c2rust_analyze::analyze]: DefId(0:3004 ~ c2rust_port[716c]::src::cmp::csp_cmp_if_stats::csp_iface_s::autherr)
[DEBUG @ c2rust-analyze/src/analyze.rs:609 @ c2rust_analyze::analyze]: DefId(0:3005 ~ c2rust_port[716c]::src::cmp::csp_cmp_if_stats::csp_iface_s::frame)
[DEBUG @ c2rust-analyze/src/analyze.rs:609 @ c2rust_analyze::analyze]: DefId(0:3006 ~ c2rust_port[716c]::src::cmp::csp_cmp_if_stats::csp_iface_s::txbytes)
[DEBUG @ c2rust-analyze/src/analyze.rs:609 @ c2rust_analyze::analyze]: DefId(0:3007 ~ c2rust_port[716c]::src::cmp::csp_cmp_if_stats::csp_iface_s::rxbytes)
[DEBUG @ c2rust-analyze/src/analyze.rs:609 @ c2rust_analyze::analyze]: DefId(0:3008 ~ c2rust_port[716c]::src::cmp::csp_cmp_if_stats::csp_iface_s::irq)
[DEBUG @ c2rust-analyze/src/analyze.rs:609 @ c2rust_analyze::analyze]: DefId(0:3009 ~ c2rust_port[716c]::src::cmp::csp_cmp_if_stats::csp_iface_s::next)
[DEBUG @ c2rust-analyze/src/analyze.rs:605 @ c2rust_analyze::analyze]: DefId(0:3010 ~ c2rust_port[716c]::src::cmp::csp_cmp_if_stats::{impl#6})
[DEBUG @ c2rust-analyze/src/analyze.rs:605 @ c2rust_analyze::analyze]: DefId(0:3011 ~ c2rust_port[716c]::src::cmp::csp_cmp_if_stats::{impl#7})
[DEBUG @ c2rust-analyze/src/analyze.rs:605 @ c2rust_analyze::analyze]: DefId(0:263 ~ c2rust_port[716c]::src::cmp::csp_cmp_if_stats::csp_alias_add_t)
[DEBUG @ c2rust-analyze/src/analyze.rs:605 @ c2rust_analyze::analyze]: DefId(0:264 ~ c2rust_port[716c]::src::cmp::csp_cmp_if_stats::nexthop_t)
[DEBUG @ c2rust-analyze/src/analyze.rs:605 @ c2rust_analyze::analyze]: DefId(0:265 ~ c2rust_port[716c]::src::cmp::csp_cmp_if_stats::csp_iface_t)
[DEBUG @ c2rust-analyze/src/analyze.rs:605 @ c2rust_analyze::analyze]: DefId(0:3013 ~ c2rust_port[716c]::src::cmp::csp_cmp_if_stats::csp_cmp_if_stats_msg)
[DEBUG @ c2rust-analyze/src/analyze.rs:609 @ c2rust_analyze::analyze]: DefId(0:3014 ~ c2rust_port[716c]::src::cmp::csp_cmp_if_stats::csp_cmp_if_stats_msg::type_0)
[DEBUG @ c2rust-analyze/src/analyze.rs:609 @ c2rust_analyze::analyze]: DefId(0:3015 ~ c2rust_port[716c]::src::cmp::csp_cmp_if_stats::csp_cmp_if_stats_msg::code)
[DEBUG @ c2rust-analyze/src/analyze.rs:609 @ c2rust_analyze::analyze]: DefId(0:3016 ~ c2rust_port[716c]::src::cmp::csp_cmp_if_stats::csp_cmp_if_stats_msg::interface)
[DEBUG @ c2rust-analyze/src/analyze.rs:609 @ c2rust_analyze::analyze]: DefId(0:3018 ~ c2rust_port[716c]::src::cmp::csp_cmp_if_stats::csp_cmp_if_stats_msg::tx)
[DEBUG @ c2rust-analyze/src/analyze.rs:609 @ c2rust_analyze::analyze]: DefId(0:3019 ~ c2rust_port[716c]::src::cmp::csp_cmp_if_stats::csp_cmp_if_stats_msg::rx)
[DEBUG @ c2rust-analyze/src/analyze.rs:609 @ c2rust_analyze::analyze]: DefId(0:3020 ~ c2rust_port[716c]::src::cmp::csp_cmp_if_stats::csp_cmp_if_stats_msg::tx_error)
[DEBUG @ c2rust-analyze/src/analyze.rs:609 @ c2rust_analyze::analyze]: DefId(0:3021 ~ c2rust_port[716c]::src::cmp::csp_cmp_if_stats::csp_cmp_if_stats_msg::rx_error)
[DEBUG @ c2rust-analyze/src/analyze.rs:609 @ c2rust_analyze::analyze]: DefId(0:3022 ~ c2rust_port[716c]::src::cmp::csp_cmp_if_stats::csp_cmp_if_stats_msg::drop)
[DEBUG @ c2rust-analyze/src/analyze.rs:609 @ c2rust_analyze::analyze]: DefId(0:3023 ~ c2rust_port[716c]::src::cmp::csp_cmp_if_stats::csp_cmp_if_stats_msg::autherr)
[DEBUG @ c2rust-analyze/src/analyze.rs:609 @ c2rust_analyze::analyze]: DefId(0:3024 ~ c2rust_port[716c]::src::cmp::csp_cmp_if_stats::csp_cmp_if_stats_msg::frame)
[DEBUG @ c2rust-analyze/src/analyze.rs:609 @ c2rust_analyze::analyze]: DefId(0:3025 ~ c2rust_port[716c]::src::cmp::csp_cmp_if_stats::csp_cmp_if_stats_msg::txbytes)
[DEBUG @ c2rust-analyze/src/analyze.rs:609 @ c2rust_analyze::analyze]: DefId(0:3026 ~ c2rust_port[716c]::src::cmp::csp_cmp_if_stats::csp_cmp_if_stats_msg::rxbytes)
[DEBUG @ c2rust-analyze/src/analyze.rs:609 @ c2rust_analyze::analyze]: DefId(0:3027 ~ c2rust_port[716c]::src::cmp::csp_cmp_if_stats::csp_cmp_if_stats_msg::irq)
[DEBUG @ c2rust-analyze/src/analyze.rs:605 @ c2rust_analyze::analyze]: DefId(0:3028 ~ c2rust_port[716c]::src::cmp::csp_cmp_if_stats::{impl#8})
[DEBUG @ c2rust-analyze/src/analyze.rs:605 @ c2rust_analyze::analyze]: DefId(0:3029 ~ c2rust_port[716c]::src::cmp::csp_cmp_if_stats::{impl#9})
[DEBUG @ c2rust-analyze/src/analyze.rs:605 @ c2rust_analyze::analyze]: DefId(0:266 ~ c2rust_port[716c]::src::cmp::csp_cmp_if_stats::CSP_ERR_NONE)
[DEBUG @ c2rust-analyze/src/analyze.rs:605 @ c2rust_analyze::analyze]: DefId(0:267 ~ c2rust_port[716c]::src::cmp::csp_cmp_if_stats::CSP_ERR_INVAL)
[DEBUG @ c2rust-analyze/src/analyze.rs:605 @ c2rust_analyze::analyze]: DefId(0:268 ~ c2rust_port[716c]::src::cmp::csp_cmp_if_stats::NULL)
[DEBUG @ c2rust-analyze/src/analyze.rs:605 @ c2rust_analyze::analyze]: DefId(0:269 ~ c2rust_port[716c]::src::cmp::csp_cmp_if_stats::csp_cmp_check_len)
[DEBUG @ c2rust-analyze/src/analyze.rs:605 @ c2rust_analyze::analyze]: DefId(0:270 ~ c2rust_port[716c]::src::cmp::csp_cmp_if_stats::__bswap_32)
[DEBUG @ c2rust-analyze/src/analyze.rs:605 @ c2rust_analyze::analyze]: DefId(0:271 ~ c2rust_port[716c]::src::cmp::csp_cmp_if_stats::csp_cmp_if_stats_handler)
[DEBUG @ c2rust-analyze/src/analyze.rs:605 @ c2rust_analyze::analyze]: DefId(0:272 ~ c2rust_port[716c]::src::cmp::csp_cmp_mem)
[DEBUG @ c2rust-analyze/src/analyze.rs:605 @ c2rust_analyze::analyze]: DefId(0:273 ~ c2rust_port[716c]::src::cmp::csp_cmp_mem::{extern#0})
[DEBUG @ c2rust-analyze/src/analyze.rs:605 @ c2rust_analyze::analyze]: DefId(0:275 ~ c2rust_port[716c]::src::cmp::csp_cmp_mem::__uint64_t)
[DEBUG @ c2rust-analyze/src/analyze.rs:605 @ c2rust_analyze::analyze]: DefId(0:276 ~ c2rust_port[716c]::src::cmp::csp_cmp_mem::uint64_t)
[DEBUG @ c2rust-analyze/src/analyze.rs:605 @ c2rust_analyze::analyze]: DefId(0:277 ~ c2rust_port[716c]::src::cmp::csp_cmp_mem::size_t)
[DEBUG @ c2rust-analyze/src/analyze.rs:605 @ c2rust_analyze::analyze]: DefId(0:278 ~ c2rust_port[716c]::src::cmp::csp_cmp_mem::csp_memptr_t)
[DEBUG @ c2rust-analyze/src/analyze.rs:605 @ c2rust_analyze::analyze]: DefId(0:279 ~ c2rust_port[716c]::src::cmp::csp_cmp_mem::csp_const_memptr_t)
[DEBUG @ c2rust-analyze/src/analyze.rs:605 @ c2rust_analyze::analyze]: DefId(0:280 ~ c2rust_port[716c]::src::cmp::csp_cmp_mem::csp_memptr64_t)
[DEBUG @ c2rust-analyze/src/analyze.rs:605 @ c2rust_analyze::analyze]: DefId(0:281 ~ c2rust_port[716c]::src::cmp::csp_cmp_mem::csp_memcpy_fnc_t)
[DEBUG @ c2rust-analyze/src/analyze.rs:605 @ c2rust_analyze::analyze]: DefId(0:282 ~ c2rust_port[716c]::src::cmp::csp_cmp_mem::csp_memread64_fnc_t)
[DEBUG @ c2rust-analyze/src/analyze.rs:605 @ c2rust_analyze::analyze]: DefId(0:283 ~ c2rust_port[716c]::src::cmp::csp_cmp_mem::csp_memwrite64_fnc_t)
[DEBUG @ c2rust-analyze/src/analyze.rs:605 @ c2rust_analyze::analyze]: DefId(0:284 ~ c2rust_port[716c]::src::cmp::csp_cmp_mem::CSP_ERR_NONE)
[DEBUG @ c2rust-analyze/src/analyze.rs:605 @ c2rust_analyze::analyze]: DefId(0:285 ~ c2rust_port[716c]::src::cmp::csp_cmp_mem::CSP_ERR_DRIVER)
[DEBUG @ c2rust-analyze/src/analyze.rs:605 @ c2rust_analyze::analyze]: DefId(0:286 ~ c2rust_port[716c]::src::cmp::csp_cmp_mem::csp_cmp_memcpy)
[DEBUG @ c2rust-analyze/src/analyze.rs:605 @ c2rust_analyze::analyze]: DefId(0:287 ~ c2rust_port[716c]::src::cmp::csp_cmp_mem::csp_cmp_memread64)
[DEBUG @ c2rust-analyze/src/analyze.rs:605 @ c2rust_analyze::analyze]: DefId(0:288 ~ c2rust_port[716c]::src::cmp::csp_cmp_mem::csp_cmp_memwrite64)
[DEBUG @ c2rust-analyze/src/analyze.rs:605 @ c2rust_analyze::analyze]: DefId(0:289 ~ c2rust_port[716c]::src::cmp::csp_cmp_mem::csp_cmp_set_memcpy)
[DEBUG @ c2rust-analyze/src/analyze.rs:605 @ c2rust_analyze::analyze]: DefId(0:290 ~ c2rust_port[716c]::src::cmp::csp_cmp_mem::csp_cmp_set_memread64)
[DEBUG @ c2rust-analyze/src/analyze.rs:605 @ c2rust_analyze::analyze]: DefId(0:291 ~ c2rust_port[716c]::src::cmp::csp_cmp_mem::csp_cmp_set_memwrite64)
[DEBUG @ c2rust-analyze/src/analyze.rs:605 @ c2rust_analyze::analyze]: DefId(0:292 ~ c2rust_port[716c]::src::cmp::csp_cmp_peek_poke)
[DEBUG @ c2rust-analyze/src/analyze.rs:605 @ c2rust_analyze::analyze]: DefId(0:293 ~ c2rust_port[716c]::src::cmp::csp_cmp_peek_poke::{extern#0})
[DEBUG @ c2rust-analyze/src/analyze.rs:605 @ c2rust_analyze::analyze]: DefId(0:298 ~ c2rust_port[716c]::src::cmp::csp_cmp_peek_poke::__uint8_t)
[DEBUG @ c2rust-analyze/src/analyze.rs:605 @ c2rust_analyze::analyze]: DefId(0:299 ~ c2rust_port[716c]::src::cmp::csp_cmp_peek_poke::__uint16_t)
[DEBUG @ c2rust-analyze/src/analyze.rs:605 @ c2rust_analyze::analyze]: DefId(0:300 ~ c2rust_port[716c]::src::cmp::csp_cmp_peek_poke::__uint32_t)
[DEBUG @ c2rust-analyze/src/analyze.rs:605 @ c2rust_analyze::analyze]: DefId(0:301 ~ c2rust_port[716c]::src::cmp::csp_cmp_peek_poke::__uint64_t)
[DEBUG @ c2rust-analyze/src/analyze.rs:605 @ c2rust_analyze::analyze]: DefId(0:302 ~ c2rust_port[716c]::src::cmp::csp_cmp_peek_poke::uint8_t)
[DEBUG @ c2rust-analyze/src/analyze.rs:605 @ c2rust_analyze::analyze]: DefId(0:303 ~ c2rust_port[716c]::src::cmp::csp_cmp_peek_poke::uint16_t)
[DEBUG @ c2rust-analyze/src/analyze.rs:605 @ c2rust_analyze::analyze]: DefId(0:304 ~ c2rust_port[716c]::src::cmp::csp_cmp_peek_poke::uint32_t)
[DEBUG @ c2rust-analyze/src/analyze.rs:605 @ c2rust_analyze::analyze]: DefId(0:305 ~ c2rust_port[716c]::src::cmp::csp_cmp_peek_poke::uint64_t)
[DEBUG @ c2rust-analyze/src/analyze.rs:605 @ c2rust_analyze::analyze]: DefId(0:306 ~ c2rust_port[716c]::src::cmp::csp_cmp_peek_poke::uintptr_t)
[DEBUG @ c2rust-analyze/src/analyze.rs:605 @ c2rust_analyze::analyze]: DefId(0:307 ~ c2rust_port[716c]::src::cmp::csp_cmp_peek_poke::size_t)
[DEBUG @ c2rust-analyze/src/analyze.rs:605 @ c2rust_analyze::analyze]: DefId(0:3032 ~ c2rust_port[716c]::src::cmp::csp_cmp_peek_poke::csp_id_t)
[DEBUG @ c2rust-analyze/src/analyze.rs:609 @ c2rust_analyze::analyze]: DefId(0:3033 ~ c2rust_port[716c]::src::cmp::csp_cmp_peek_poke::csp_id_t::pri)
[DEBUG @ c2rust-analyze/src/analyze.rs:609 @ c2rust_analyze::analyze]: DefId(0:3034 ~ c2rust_port[716c]::src::cmp::csp_cmp_peek_poke::csp_id_t::flags)
[DEBUG @ c2rust-analyze/src/analyze.rs:609 @ c2rust_analyze::analyze]: DefId(0:3035 ~ c2rust_port[716c]::src::cmp::csp_cmp_peek_poke::csp_id_t::src)
[DEBUG @ c2rust-analyze/src/analyze.rs:609 @ c2rust_analyze::analyze]: DefId(0:3036 ~ c2rust_port[716c]::src::cmp::csp_cmp_peek_poke::csp_id_t::dst)
[DEBUG @ c2rust-analyze/src/analyze.rs:609 @ c2rust_analyze::analyze]: DefId(0:3037 ~ c2rust_port[716c]::src::cmp::csp_cmp_peek_poke::csp_id_t::dport)
[DEBUG @ c2rust-analyze/src/analyze.rs:609 @ c2rust_analyze::analyze]: DefId(0:3038 ~ c2rust_port[716c]::src::cmp::csp_cmp_peek_poke::csp_id_t::sport)
[DEBUG @ c2rust-analyze/src/analyze.rs:605 @ c2rust_analyze::analyze]: DefId(0:3039 ~ c2rust_port[716c]::src::cmp::csp_cmp_peek_poke::{impl#0})
[DEBUG @ c2rust-analyze/src/analyze.rs:605 @ c2rust_analyze::analyze]: DefId(0:3040 ~ c2rust_port[716c]::src::cmp::csp_cmp_peek_poke::{impl#1})
[DEBUG @ c2rust-analyze/src/analyze.rs:605 @ c2rust_analyze::analyze]: DefId(0:3042 ~ c2rust_port[716c]::src::cmp::csp_cmp_peek_poke::csp_packet_s)
[DEBUG @ c2rust-analyze/src/analyze.rs:609 @ c2rust_analyze::analyze]: DefId(0:3043 ~ c2rust_port[716c]::src::cmp::csp_cmp_peek_poke::csp_packet_s::timestamp_tx)
[DEBUG @ c2rust-analyze/src/analyze.rs:609 @ c2rust_analyze::analyze]: DefId(0:3044 ~ c2rust_port[716c]::src::cmp::csp_cmp_peek_poke::csp_packet_s::timestamp_rx)
[DEBUG @ c2rust-analyze/src/analyze.rs:609 @ c2rust_analyze::analyze]: DefId(0:3045 ~ c2rust_port[716c]::src::cmp::csp_cmp_peek_poke::csp_packet_s::conn)
[DEBUG @ c2rust-analyze/src/analyze.rs:609 @ c2rust_analyze::analyze]: DefId(0:3046 ~ c2rust_port[716c]::src::cmp::csp_cmp_peek_poke::csp_packet_s::rx_count)
[DEBUG @ c2rust-analyze/src/analyze.rs:609 @ c2rust_analyze::analyze]: DefId(0:3047 ~ c2rust_port[716c]::src::cmp::csp_cmp_peek_poke::csp_packet_s::remain)
[DEBUG @ c2rust-analyze/src/analyze.rs:609 @ c2rust_analyze::analyze]: DefId(0:3048 ~ c2rust_port[716c]::src::cmp::csp_cmp_peek_poke::csp_packet_s::cfpid)
[DEBUG @ c2rust-analyze/src/analyze.rs:609 @ c2rust_analyze::analyze]: DefId(0:3049 ~ c2rust_port[716c]::src::cmp::csp_cmp_peek_poke::csp_packet_s::last_used)
[DEBUG @ c2rust-analyze/src/analyze.rs:609 @ c2rust_analyze::analyze]: DefId(0:3050 ~ c2rust_port[716c]::src::cmp::csp_cmp_peek_poke::csp_packet_s::frame_begin)
[DEBUG @ c2rust-analyze/src/analyze.rs:609 @ c2rust_analyze::analyze]: DefId(0:3051 ~ c2rust_port[716c]::src::cmp::csp_cmp_peek_poke::csp_packet_s::frame_length)
[DEBUG @ c2rust-analyze/src/analyze.rs:609 @ c2rust_analyze::analyze]: DefId(0:3052 ~ c2rust_port[716c]::src::cmp::csp_cmp_peek_poke::csp_packet_s::length)
[DEBUG @ c2rust-analyze/src/analyze.rs:609 @ c2rust_analyze::analyze]: DefId(0:3053 ~ c2rust_port[716c]::src::cmp::csp_cmp_peek_poke::csp_packet_s::id)
[DEBUG @ c2rust-analyze/src/analyze.rs:609 @ c2rust_analyze::analyze]: DefId(0:3054 ~ c2rust_port[716c]::src::cmp::csp_cmp_peek_poke::csp_packet_s::next)
[DEBUG @ c2rust-analyze/src/analyze.rs:609 @ c2rust_analyze::analyze]: DefId(0:3055 ~ c2rust_port[716c]::src::cmp::csp_cmp_peek_poke::csp_packet_s::header)
[DEBUG @ c2rust-analyze/src/analyze.rs:609 @ c2rust_analyze::analyze]: DefId(0:3057 ~ c2rust_port[716c]::src::cmp::csp_cmp_peek_poke::csp_packet_s::c2rust_unnamed)
[DEBUG @ c2rust-analyze/src/analyze.rs:605 @ c2rust_analyze::analyze]: DefId(0:3058 ~ c2rust_port[716c]::src::cmp::csp_cmp_peek_poke::{impl#2})
[DEBUG @ c2rust-analyze/src/analyze.rs:605 @ c2rust_analyze::analyze]: DefId(0:3059 ~ c2rust_port[716c]::src::cmp::csp_cmp_peek_poke::{impl#3})
[DEBUG @ c2rust-analyze/src/analyze.rs:605 @ c2rust_analyze::analyze]: DefId(0:3062 ~ c2rust_port[716c]::src::cmp::csp_cmp_peek_poke::C2RustUnnamed)
[DEBUG @ c2rust-analyze/src/analyze.rs:605 @ c2rust_analyze::analyze]: DefId(0:3069 ~ c2rust_port[716c]::src::cmp::csp_cmp_peek_poke::{impl#4})
[DEBUG @ c2rust-analyze/src/analyze.rs:605 @ c2rust_analyze::analyze]: DefId(0:3070 ~ c2rust_port[716c]::src::cmp::csp_cmp_peek_poke::{impl#5})
[DEBUG @ c2rust-analyze/src/analyze.rs:605 @ c2rust_analyze::analyze]: DefId(0:308 ~ c2rust_port[716c]::src::cmp::csp_cmp_peek_poke::csp_packet_t)
[DEBUG @ c2rust-analyze/src/analyze.rs:605 @ c2rust_analyze::analyze]: DefId(0:309 ~ c2rust_port[716c]::src::cmp::csp_cmp_peek_poke::csp_memptr_t)
[DEBUG @ c2rust-analyze/src/analyze.rs:605 @ c2rust_analyze::analyze]: DefId(0:310 ~ c2rust_port[716c]::src::cmp::csp_cmp_peek_poke::csp_const_memptr_t)
[DEBUG @ c2rust-analyze/src/analyze.rs:605 @ c2rust_analyze::analyze]: DefId(0:311 ~ c2rust_port[716c]::src::cmp::csp_cmp_peek_poke::csp_memptr64_t)
[DEBUG @ c2rust-analyze/src/analyze.rs:605 @ c2rust_analyze::analyze]: DefId(0:3072 ~ c2rust_port[716c]::src::cmp::csp_cmp_peek_poke::csp_cmp_header)
[DEBUG @ c2rust-analyze/src/analyze.rs:609 @ c2rust_analyze::analyze]: DefId(0:3073 ~ c2rust_port[716c]::src::cmp::csp_cmp_peek_poke::csp_cmp_header::type_0)
[DEBUG @ c2rust-analyze/src/analyze.rs:609 @ c2rust_analyze::analyze]: DefId(0:3074 ~ c2rust_port[716c]::src::cmp::csp_cmp_peek_poke::csp_cmp_header::code)
[DEBUG @ c2rust-analyze/src/analyze.rs:605 @ c2rust_analyze::analyze]: DefId(0:3075 ~ c2rust_port[716c]::src::cmp::csp_cmp_peek_poke::{impl#6})
[DEBUG @ c2rust-analyze/src/analyze.rs:605 @ c2rust_analyze::analyze]: DefId(0:3076 ~ c2rust_port[716c]::src::cmp::csp_cmp_peek_poke::{impl#7})
[DEBUG @ c2rust-analyze/src/analyze.rs:605 @ c2rust_analyze::analyze]: DefId(0:3078 ~ c2rust_port[716c]::src::cmp::csp_cmp_peek_poke::csp_cmp_peek_msg)
[DEBUG @ c2rust-analyze/src/analyze.rs:609 @ c2rust_analyze::analyze]: DefId(0:3079 ~ c2rust_port[716c]::src::cmp::csp_cmp_peek_poke::csp_cmp_peek_msg::type_0)
[DEBUG @ c2rust-analyze/src/analyze.rs:609 @ c2rust_analyze::analyze]: DefId(0:3080 ~ c2rust_port[716c]::src::cmp::csp_cmp_peek_poke::csp_cmp_peek_msg::code)
[DEBUG @ c2rust-analyze/src/analyze.rs:609 @ c2rust_analyze::analyze]: DefId(0:3081 ~ c2rust_port[716c]::src::cmp::csp_cmp_peek_poke::csp_cmp_peek_msg::addr)
[DEBUG @ c2rust-analyze/src/analyze.rs:609 @ c2rust_analyze::analyze]: DefId(0:3082 ~ c2rust_port[716c]::src::cmp::csp_cmp_peek_poke::csp_cmp_peek_msg::len)
[DEBUG @ c2rust-analyze/src/analyze.rs:609 @ c2rust_analyze::analyze]: DefId(0:3083 ~ c2rust_port[716c]::src::cmp::csp_cmp_peek_poke::csp_cmp_peek_msg::data)
[DEBUG @ c2rust-analyze/src/analyze.rs:605 @ c2rust_analyze::analyze]: DefId(0:3085 ~ c2rust_port[716c]::src::cmp::csp_cmp_peek_poke::{impl#8})
[DEBUG @ c2rust-analyze/src/analyze.rs:605 @ c2rust_analyze::analyze]: DefId(0:3086 ~ c2rust_port[716c]::src::cmp::csp_cmp_peek_poke::{impl#9})
[DEBUG @ c2rust-analyze/src/analyze.rs:605 @ c2rust_analyze::analyze]: DefId(0:3089 ~ c2rust_port[716c]::src::cmp::csp_cmp_peek_poke::csp_cmp_poke_msg)
[DEBUG @ c2rust-analyze/src/analyze.rs:609 @ c2rust_analyze::analyze]: DefId(0:3090 ~ c2rust_port[716c]::src::cmp::csp_cmp_peek_poke::csp_cmp_poke_msg::type_0)
[DEBUG @ c2rust-analyze/src/analyze.rs:609 @ c2rust_analyze::analyze]: DefId(0:3091 ~ c2rust_port[716c]::src::cmp::csp_cmp_peek_poke::csp_cmp_poke_msg::code)
[DEBUG @ c2rust-analyze/src/analyze.rs:609 @ c2rust_analyze::analyze]: DefId(0:3092 ~ c2rust_port[716c]::src::cmp::csp_cmp_peek_poke::csp_cmp_poke_msg::addr)
[DEBUG @ c2rust-analyze/src/analyze.rs:609 @ c2rust_analyze::analyze]: DefId(0:3093 ~ c2rust_port[716c]::src::cmp::csp_cmp_peek_poke::csp_cmp_poke_msg::len)
[DEBUG @ c2rust-analyze/src/analyze.rs:609 @ c2rust_analyze::analyze]: DefId(0:3094 ~ c2rust_port[716c]::src::cmp::csp_cmp_peek_poke::csp_cmp_poke_msg::data)
[DEBUG @ c2rust-analyze/src/analyze.rs:605 @ c2rust_analyze::analyze]: DefId(0:3096 ~ c2rust_port[716c]::src::cmp::csp_cmp_peek_poke::{impl#10})
[DEBUG @ c2rust-analyze/src/analyze.rs:605 @ c2rust_analyze::analyze]: DefId(0:3097 ~ c2rust_port[716c]::src::cmp::csp_cmp_peek_poke::{impl#11})
[DEBUG @ c2rust-analyze/src/analyze.rs:605 @ c2rust_analyze::analyze]: DefId(0:3100 ~ c2rust_port[716c]::src::cmp::csp_cmp_peek_poke::csp_cmp_peek_v2_msg)
[DEBUG @ c2rust-analyze/src/analyze.rs:609 @ c2rust_analyze::analyze]: DefId(0:3101 ~ c2rust_port[716c]::src::cmp::csp_cmp_peek_poke::csp_cmp_peek_v2_msg::type_0)
[DEBUG @ c2rust-analyze/src/analyze.rs:609 @ c2rust_analyze::analyze]: DefId(0:3102 ~ c2rust_port[716c]::src::cmp::csp_cmp_peek_poke::csp_cmp_peek_v2_msg::code)
[DEBUG @ c2rust-analyze/src/analyze.rs:609 @ c2rust_analyze::analyze]: DefId(0:3103 ~ c2rust_port[716c]::src::cmp::csp_cmp_peek_poke::csp_cmp_peek_v2_msg::vaddr)
[DEBUG @ c2rust-analyze/src/analyze.rs:609 @ c2rust_analyze::analyze]: DefId(0:3104 ~ c2rust_port[716c]::src::cmp::csp_cmp_peek_poke::csp_cmp_peek_v2_msg::len)
[DEBUG @ c2rust-analyze/src/analyze.rs:609 @ c2rust_analyze::analyze]: DefId(0:3105 ~ c2rust_port[716c]::src::cmp::csp_cmp_peek_poke::csp_cmp_peek_v2_msg::data)
[DEBUG @ c2rust-analyze/src/analyze.rs:605 @ c2rust_analyze::analyze]: DefId(0:3107 ~ c2rust_port[716c]::src::cmp::csp_cmp_peek_poke::{impl#12})
[DEBUG @ c2rust-analyze/src/analyze.rs:605 @ c2rust_analyze::analyze]: DefId(0:3108 ~ c2rust_port[716c]::src::cmp::csp_cmp_peek_poke::{impl#13})
[DEBUG @ c2rust-analyze/src/analyze.rs:605 @ c2rust_analyze::analyze]: DefId(0:3111 ~ c2rust_port[716c]::src::cmp::csp_cmp_peek_poke::csp_cmp_poke_v2_msg)
[DEBUG @ c2rust-analyze/src/analyze.rs:609 @ c2rust_analyze::analyze]: DefId(0:3112 ~ c2rust_port[716c]::src::cmp::csp_cmp_peek_poke::csp_cmp_poke_v2_msg::type_0)
[DEBUG @ c2rust-analyze/src/analyze.rs:609 @ c2rust_analyze::analyze]: DefId(0:3113 ~ c2rust_port[716c]::src::cmp::csp_cmp_peek_poke::csp_cmp_poke_v2_msg::code)
[DEBUG @ c2rust-analyze/src/analyze.rs:609 @ c2rust_analyze::analyze]: DefId(0:3114 ~ c2rust_port[716c]::src::cmp::csp_cmp_peek_poke::csp_cmp_poke_v2_msg::vaddr)
[DEBUG @ c2rust-analyze/src/analyze.rs:609 @ c2rust_analyze::analyze]: DefId(0:3115 ~ c2rust_port[716c]::src::cmp::csp_cmp_peek_poke::csp_cmp_poke_v2_msg::len)
[DEBUG @ c2rust-analyze/src/analyze.rs:609 @ c2rust_analyze::analyze]: DefId(0:3116 ~ c2rust_port[716c]::src::cmp::csp_cmp_peek_poke::csp_cmp_poke_v2_msg::data)
[DEBUG @ c2rust-analyze/src/analyze.rs:605 @ c2rust_analyze::analyze]: DefId(0:3118 ~ c2rust_port[716c]::src::cmp::csp_cmp_peek_poke::{impl#14})
[DEBUG @ c2rust-analyze/src/analyze.rs:605 @ c2rust_analyze::analyze]: DefId(0:3119 ~ c2rust_port[716c]::src::cmp::csp_cmp_peek_poke::{impl#15})
[DEBUG @ c2rust-analyze/src/analyze.rs:605 @ c2rust_analyze::analyze]: DefId(0:312 ~ c2rust_port[716c]::src::cmp::csp_cmp_peek_poke::CSP_ERR_NONE)
[DEBUG @ c2rust-analyze/src/analyze.rs:605 @ c2rust_analyze::analyze]: DefId(0:313 ~ c2rust_port[716c]::src::cmp::csp_cmp_peek_poke::CSP_ERR_INVAL)
[DEBUG @ c2rust-analyze/src/analyze.rs:605 @ c2rust_analyze::analyze]: DefId(0:314 ~ c2rust_port[716c]::src::cmp::csp_cmp_peek_poke::CSP_CMP_PEEK_MAX_LEN)
[DEBUG @ c2rust-analyze/src/analyze.rs:605 @ c2rust_analyze::analyze]: DefId(0:315 ~ c2rust_port[716c]::src::cmp::csp_cmp_peek_poke::CSP_CMP_POKE_MAX_LEN)
[DEBUG @ c2rust-analyze/src/analyze.rs:605 @ c2rust_analyze::analyze]: DefId(0:316 ~ c2rust_port[716c]::src::cmp::csp_cmp_peek_poke::CSP_CMP_PEEK_V2_MAX_LEN)
[DEBUG @ c2rust-analyze/src/analyze.rs:605 @ c2rust_analyze::analyze]: DefId(0:317 ~ c2rust_port[716c]::src::cmp::csp_cmp_peek_poke::CSP_CMP_POKE_V2_MAX_LEN)
[DEBUG @ c2rust-analyze/src/analyze.rs:605 @ c2rust_analyze::analyze]: DefId(0:318 ~ c2rust_port[716c]::src::cmp::csp_cmp_peek_poke::csp_cmp_check_len)
[DEBUG @ c2rust-analyze/src/analyze.rs:605 @ c2rust_analyze::analyze]: DefId(0:319 ~ c2rust_port[716c]::src::cmp::csp_cmp_peek_poke::__bswap_32)
[DEBUG @ c2rust-analyze/src/analyze.rs:605 @ c2rust_analyze::analyze]: DefId(0:320 ~ c2rust_port[716c]::src::cmp::csp_cmp_peek_poke::__bswap_64)
[DEBUG @ c2rust-analyze/src/analyze.rs:605 @ c2rust_analyze::analyze]: DefId(0:321 ~ c2rust_port[716c]::src::cmp::csp_cmp_peek_poke::csp_cmp_peek_handler)
[DEBUG @ c2rust-analyze/src/analyze.rs:605 @ c2rust_analyze::analyze]: DefId(0:322 ~ c2rust_port[716c]::src::cmp::csp_cmp_peek_poke::csp_cmp_poke_handler)
[DEBUG @ c2rust-analyze/src/analyze.rs:605 @ c2rust_analyze::analyze]: DefId(0:323 ~ c2rust_port[716c]::src::cmp::csp_cmp_peek_poke::csp_cmp_peek_v2_handler)
[DEBUG @ c2rust-analyze/src/analyze.rs:605 @ c2rust_analyze::analyze]: DefId(0:324 ~ c2rust_port[716c]::src::cmp::csp_cmp_peek_poke::csp_cmp_poke_v2_handler)
[DEBUG @ c2rust-analyze/src/analyze.rs:605 @ c2rust_analyze::analyze]: DefId(0:325 ~ c2rust_port[716c]::src::cmp::csp_cmp_route)
[DEBUG @ c2rust-analyze/src/analyze.rs:605 @ c2rust_analyze::analyze]: DefId(0:326 ~ c2rust_port[716c]::src::cmp::csp_cmp_route::{extern#0})
[DEBUG @ c2rust-analyze/src/analyze.rs:605 @ c2rust_analyze::analyze]: DefId(0:331 ~ c2rust_port[716c]::src::cmp::csp_cmp_route::__uint8_t)
[DEBUG @ c2rust-analyze/src/analyze.rs:605 @ c2rust_analyze::analyze]: DefId(0:332 ~ c2rust_port[716c]::src::cmp::csp_cmp_route::__uint16_t)
[DEBUG @ c2rust-analyze/src/analyze.rs:605 @ c2rust_analyze::analyze]: DefId(0:333 ~ c2rust_port[716c]::src::cmp::csp_cmp_route::__uint32_t)
[DEBUG @ c2rust-analyze/src/analyze.rs:605 @ c2rust_analyze::analyze]: DefId(0:334 ~ c2rust_port[716c]::src::cmp::csp_cmp_route::__uint64_t)
[DEBUG @ c2rust-analyze/src/analyze.rs:605 @ c2rust_analyze::analyze]: DefId(0:335 ~ c2rust_port[716c]::src::cmp::csp_cmp_route::uint8_t)
[DEBUG @ c2rust-analyze/src/analyze.rs:605 @ c2rust_analyze::analyze]: DefId(0:336 ~ c2rust_port[716c]::src::cmp::csp_cmp_route::uint16_t)
[DEBUG @ c2rust-analyze/src/analyze.rs:605 @ c2rust_analyze::analyze]: DefId(0:337 ~ c2rust_port[716c]::src::cmp::csp_cmp_route::uint32_t)
[DEBUG @ c2rust-analyze/src/analyze.rs:605 @ c2rust_analyze::analyze]: DefId(0:338 ~ c2rust_port[716c]::src::cmp::csp_cmp_route::uint64_t)
[DEBUG @ c2rust-analyze/src/analyze.rs:605 @ c2rust_analyze::analyze]: DefId(0:339 ~ c2rust_port[716c]::src::cmp::csp_cmp_route::size_t)
[DEBUG @ c2rust-analyze/src/analyze.rs:605 @ c2rust_analyze::analyze]: DefId(0:3122 ~ c2rust_port[716c]::src::cmp::csp_cmp_route::csp_id_t)
[DEBUG @ c2rust-analyze/src/analyze.rs:609 @ c2rust_analyze::analyze]: DefId(0:3123 ~ c2rust_port[716c]::src::cmp::csp_cmp_route::csp_id_t::pri)
[DEBUG @ c2rust-analyze/src/analyze.rs:609 @ c2rust_analyze::analyze]: DefId(0:3124 ~ c2rust_port[716c]::src::cmp::csp_cmp_route::csp_id_t::flags)
[DEBUG @ c2rust-analyze/src/analyze.rs:609 @ c2rust_analyze::analyze]: DefId(0:3125 ~ c2rust_port[716c]::src::cmp::csp_cmp_route::csp_id_t::src)
[DEBUG @ c2rust-analyze/src/analyze.rs:609 @ c2rust_analyze::analyze]: DefId(0:3126 ~ c2rust_port[716c]::src::cmp::csp_cmp_route::csp_id_t::dst)
[DEBUG @ c2rust-analyze/src/analyze.rs:609 @ c2rust_analyze::analyze]: DefId(0:3127 ~ c2rust_port[716c]::src::cmp::csp_cmp_route::csp_id_t::dport)
[DEBUG @ c2rust-analyze/src/analyze.rs:609 @ c2rust_analyze::analyze]: DefId(0:3128 ~ c2rust_port[716c]::src::cmp::csp_cmp_route::csp_id_t::sport)
[DEBUG @ c2rust-analyze/src/analyze.rs:605 @ c2rust_analyze::analyze]: DefId(0:3129 ~ c2rust_port[716c]::src::cmp::csp_cmp_route::{impl#0})
[DEBUG @ c2rust-analyze/src/analyze.rs:605 @ c2rust_analyze::analyze]: DefId(0:3130 ~ c2rust_port[716c]::src::cmp::csp_cmp_route::{impl#1})
[DEBUG @ c2rust-analyze/src/analyze.rs:605 @ c2rust_analyze::analyze]: DefId(0:3132 ~ c2rust_port[716c]::src::cmp::csp_cmp_route::csp_packet_s)
[DEBUG @ c2rust-analyze/src/analyze.rs:609 @ c2rust_analyze::analyze]: DefId(0:3133 ~ c2rust_port[716c]::src::cmp::csp_cmp_route::csp_packet_s::timestamp_tx)
[DEBUG @ c2rust-analyze/src/analyze.rs:609 @ c2rust_analyze::analyze]: DefId(0:3134 ~ c2rust_port[716c]::src::cmp::csp_cmp_route::csp_packet_s::timestamp_rx)
[DEBUG @ c2rust-analyze/src/analyze.rs:609 @ c2rust_analyze::analyze]: DefId(0:3135 ~ c2rust_port[716c]::src::cmp::csp_cmp_route::csp_packet_s::conn)
[DEBUG @ c2rust-analyze/src/analyze.rs:609 @ c2rust_analyze::analyze]: DefId(0:3136 ~ c2rust_port[716c]::src::cmp::csp_cmp_route::csp_packet_s::rx_count)
[DEBUG @ c2rust-analyze/src/analyze.rs:609 @ c2rust_analyze::analyze]: DefId(0:3137 ~ c2rust_port[716c]::src::cmp::csp_cmp_route::csp_packet_s::remain)
[DEBUG @ c2rust-analyze/src/analyze.rs:609 @ c2rust_analyze::analyze]: DefId(0:3138 ~ c2rust_port[716c]::src::cmp::csp_cmp_route::csp_packet_s::cfpid)
[DEBUG @ c2rust-analyze/src/analyze.rs:609 @ c2rust_analyze::analyze]: DefId(0:3139 ~ c2rust_port[716c]::src::cmp::csp_cmp_route::csp_packet_s::last_used)
[DEBUG @ c2rust-analyze/src/analyze.rs:609 @ c2rust_analyze::analyze]: DefId(0:3140 ~ c2rust_port[716c]::src::cmp::csp_cmp_route::csp_packet_s::frame_begin)
[DEBUG @ c2rust-analyze/src/analyze.rs:609 @ c2rust_analyze::analyze]: DefId(0:3141 ~ c2rust_port[716c]::src::cmp::csp_cmp_route::csp_packet_s::frame_length)
[DEBUG @ c2rust-analyze/src/analyze.rs:609 @ c2rust_analyze::analyze]: DefId(0:3142 ~ c2rust_port[716c]::src::cmp::csp_cmp_route::csp_packet_s::length)
[DEBUG @ c2rust-analyze/src/analyze.rs:609 @ c2rust_analyze::analyze]: DefId(0:3143 ~ c2rust_port[716c]::src::cmp::csp_cmp_route::csp_packet_s::id)
[DEBUG @ c2rust-analyze/src/analyze.rs:609 @ c2rust_analyze::analyze]: DefId(0:3144 ~ c2rust_port[716c]::src::cmp::csp_cmp_route::csp_packet_s::next)
[DEBUG @ c2rust-analyze/src/analyze.rs:609 @ c2rust_analyze::analyze]: DefId(0:3145 ~ c2rust_port[716c]::src::cmp::csp_cmp_route::csp_packet_s::header)
[DEBUG @ c2rust-analyze/src/analyze.rs:609 @ c2rust_analyze::analyze]: DefId(0:3147 ~ c2rust_port[716c]::src::cmp::csp_cmp_route::csp_packet_s::c2rust_unnamed)
[DEBUG @ c2rust-analyze/src/analyze.rs:605 @ c2rust_analyze::analyze]: DefId(0:3148 ~ c2rust_port[716c]::src::cmp::csp_cmp_route::{impl#2})
[DEBUG @ c2rust-analyze/src/analyze.rs:605 @ c2rust_analyze::analyze]: DefId(0:3149 ~ c2rust_port[716c]::src::cmp::csp_cmp_route::{impl#3})
[DEBUG @ c2rust-analyze/src/analyze.rs:605 @ c2rust_analyze::analyze]: DefId(0:3152 ~ c2rust_port[716c]::src::cmp::csp_cmp_route::C2RustUnnamed)
[DEBUG @ c2rust-analyze/src/analyze.rs:605 @ c2rust_analyze::analyze]: DefId(0:3159 ~ c2rust_port[716c]::src::cmp::csp_cmp_route::{impl#4})
[DEBUG @ c2rust-analyze/src/analyze.rs:605 @ c2rust_analyze::analyze]: DefId(0:3160 ~ c2rust_port[716c]::src::cmp::csp_cmp_route::{impl#5})
[DEBUG @ c2rust-analyze/src/analyze.rs:605 @ c2rust_analyze::analyze]: DefId(0:340 ~ c2rust_port[716c]::src::cmp::csp_cmp_route::csp_packet_t)
[DEBUG @ c2rust-analyze/src/analyze.rs:605 @ c2rust_analyze::analyze]: DefId(0:3162 ~ c2rust_port[716c]::src::cmp::csp_cmp_route::csp_iface_s)
[DEBUG @ c2rust-analyze/src/analyze.rs:609 @ c2rust_analyze::analyze]: DefId(0:3163 ~ c2rust_port[716c]::src::cmp::csp_cmp_route::csp_iface_s::addr)
[DEBUG @ c2rust-analyze/src/analyze.rs:609 @ c2rust_analyze::analyze]: DefId(0:3164 ~ c2rust_port[716c]::src::cmp::csp_cmp_route::csp_iface_s::netmask)
[DEBUG @ c2rust-analyze/src/analyze.rs:609 @ c2rust_analyze::analyze]: DefId(0:3165 ~ c2rust_port[716c]::src::cmp::csp_cmp_route::csp_iface_s::name)
[DEBUG @ c2rust-analyze/src/analyze.rs:609 @ c2rust_analyze::analyze]: DefId(0:3166 ~ c2rust_port[716c]::src::cmp::csp_cmp_route::csp_iface_s::interface_data)
[DEBUG @ c2rust-analyze/src/analyze.rs:609 @ c2rust_analyze::analyze]: DefId(0:3167 ~ c2rust_port[716c]::src::cmp::csp_cmp_route::csp_iface_s::driver_data)
[DEBUG @ c2rust-analyze/src/analyze.rs:609 @ c2rust_analyze::analyze]: DefId(0:3168 ~ c2rust_port[716c]::src::cmp::csp_cmp_route::csp_iface_s::nexthop)
[DEBUG @ c2rust-analyze/src/analyze.rs:609 @ c2rust_analyze::analyze]: DefId(0:3169 ~ c2rust_port[716c]::src::cmp::csp_cmp_route::csp_iface_s::add_alias)
[DEBUG @ c2rust-analyze/src/analyze.rs:609 @ c2rust_analyze::analyze]: DefId(0:3170 ~ c2rust_port[716c]::src::cmp::csp_cmp_route::csp_iface_s::is_default)
[DEBUG @ c2rust-analyze/src/analyze.rs:609 @ c2rust_analyze::analyze]: DefId(0:3171 ~ c2rust_port[716c]::src::cmp::csp_cmp_route::csp_iface_s::tx)
[DEBUG @ c2rust-analyze/src/analyze.rs:609 @ c2rust_analyze::analyze]: DefId(0:3172 ~ c2rust_port[716c]::src::cmp::csp_cmp_route::csp_iface_s::rx)
[DEBUG @ c2rust-analyze/src/analyze.rs:609 @ c2rust_analyze::analyze]: DefId(0:3173 ~ c2rust_port[716c]::src::cmp::csp_cmp_route::csp_iface_s::tx_error)
[DEBUG @ c2rust-analyze/src/analyze.rs:609 @ c2rust_analyze::analyze]: DefId(0:3174 ~ c2rust_port[716c]::src::cmp::csp_cmp_route::csp_iface_s::rx_error)
[DEBUG @ c2rust-analyze/src/analyze.rs:609 @ c2rust_analyze::analyze]: DefId(0:3175 ~ c2rust_port[716c]::src::cmp::csp_cmp_route::csp_iface_s::drop)
[DEBUG @ c2rust-analyze/src/analyze.rs:609 @ c2rust_analyze::analyze]: DefId(0:3176 ~ c2rust_port[716c]::src::cmp::csp_cmp_route::csp_iface_s::autherr)
[DEBUG @ c2rust-analyze/src/analyze.rs:609 @ c2rust_analyze::analyze]: DefId(0:3177 ~ c2rust_port[716c]::src::cmp::csp_cmp_route::csp_iface_s::frame)
[DEBUG @ c2rust-analyze/src/analyze.rs:609 @ c2rust_analyze::analyze]: DefId(0:3178 ~ c2rust_port[716c]::src::cmp::csp_cmp_route::csp_iface_s::txbytes)
[DEBUG @ c2rust-analyze/src/analyze.rs:609 @ c2rust_analyze::analyze]: DefId(0:3179 ~ c2rust_port[716c]::src::cmp::csp_cmp_route::csp_iface_s::rxbytes)
[DEBUG @ c2rust-analyze/src/analyze.rs:609 @ c2rust_analyze::analyze]: DefId(0:3180 ~ c2rust_port[716c]::src::cmp::csp_cmp_route::csp_iface_s::irq)
[DEBUG @ c2rust-analyze/src/analyze.rs:609 @ c2rust_analyze::analyze]: DefId(0:3181 ~ c2rust_port[716c]::src::cmp::csp_cmp_route::csp_iface_s::next)
[DEBUG @ c2rust-analyze/src/analyze.rs:605 @ c2rust_analyze::analyze]: DefId(0:3182 ~ c2rust_port[716c]::src::cmp::csp_cmp_route::{impl#6})
[DEBUG @ c2rust-analyze/src/analyze.rs:605 @ c2rust_analyze::analyze]: DefId(0:3183 ~ c2rust_port[716c]::src::cmp::csp_cmp_route::{impl#7})
[DEBUG @ c2rust-analyze/src/analyze.rs:605 @ c2rust_analyze::analyze]: DefId(0:341 ~ c2rust_port[716c]::src::cmp::csp_cmp_route::csp_alias_add_t)
[DEBUG @ c2rust-analyze/src/analyze.rs:605 @ c2rust_analyze::analyze]: DefId(0:342 ~ c2rust_port[716c]::src::cmp::csp_cmp_route::nexthop_t)
[DEBUG @ c2rust-analyze/src/analyze.rs:605 @ c2rust_analyze::analyze]: DefId(0:343 ~ c2rust_port[716c]::src::cmp::csp_cmp_route::csp_iface_t)
[DEBUG @ c2rust-analyze/src/analyze.rs:605 @ c2rust_analyze::analyze]: DefId(0:3185 ~ c2rust_port[716c]::src::cmp::csp_cmp_route::csp_cmp_route_set_v1_msg)
[DEBUG @ c2rust-analyze/src/analyze.rs:609 @ c2rust_analyze::analyze]: DefId(0:3186 ~ c2rust_port[716c]::src::cmp::csp_cmp_route::csp_cmp_route_set_v1_msg::type_0)
[DEBUG @ c2rust-analyze/src/analyze.rs:609 @ c2rust_analyze::analyze]: DefId(0:3187 ~ c2rust_port[716c]::src::cmp::csp_cmp_route::csp_cmp_route_set_v1_msg::code)
[DEBUG @ c2rust-analyze/src/analyze.rs:609 @ c2rust_analyze::analyze]: DefId(0:3188 ~ c2rust_port[716c]::src::cmp::csp_cmp_route::csp_cmp_route_set_v1_msg::dest_node)
[DEBUG @ c2rust-analyze/src/analyze.rs:609 @ c2rust_analyze::analyze]: DefId(0:3189 ~ c2rust_port[716c]::src::cmp::csp_cmp_route::csp_cmp_route_set_v1_msg::next_hop_via)
[DEBUG @ c2rust-analyze/src/analyze.rs:609 @ c2rust_analyze::analyze]: DefId(0:3190 ~ c2rust_port[716c]::src::cmp::csp_cmp_route::csp_cmp_route_set_v1_msg::interface)
[DEBUG @ c2rust-analyze/src/analyze.rs:605 @ c2rust_analyze::analyze]: DefId(0:3192 ~ c2rust_port[716c]::src::cmp::csp_cmp_route::{impl#8})
[DEBUG @ c2rust-analyze/src/analyze.rs:605 @ c2rust_analyze::analyze]: DefId(0:3193 ~ c2rust_port[716c]::src::cmp::csp_cmp_route::{impl#9})
[DEBUG @ c2rust-analyze/src/analyze.rs:605 @ c2rust_analyze::analyze]: DefId(0:3196 ~ c2rust_port[716c]::src::cmp::csp_cmp_route::csp_cmp_route_set_v2_msg)
[DEBUG @ c2rust-analyze/src/analyze.rs:609 @ c2rust_analyze::analyze]: DefId(0:3197 ~ c2rust_port[716c]::src::cmp::csp_cmp_route::csp_cmp_route_set_v2_msg::type_0)
[DEBUG @ c2rust-analyze/src/analyze.rs:609 @ c2rust_analyze::analyze]: DefId(0:3198 ~ c2rust_port[716c]::src::cmp::csp_cmp_route::csp_cmp_route_set_v2_msg::code)
[DEBUG @ c2rust-analyze/src/analyze.rs:609 @ c2rust_analyze::analyze]: DefId(0:3199 ~ c2rust_port[716c]::src::cmp::csp_cmp_route::csp_cmp_route_set_v2_msg::dest_node)
[DEBUG @ c2rust-analyze/src/analyze.rs:609 @ c2rust_analyze::analyze]: DefId(0:3200 ~ c2rust_port[716c]::src::cmp::csp_cmp_route::csp_cmp_route_set_v2_msg::next_hop_via)
[DEBUG @ c2rust-analyze/src/analyze.rs:609 @ c2rust_analyze::analyze]: DefId(0:3201 ~ c2rust_port[716c]::src::cmp::csp_cmp_route::csp_cmp_route_set_v2_msg::netmask)
[DEBUG @ c2rust-analyze/src/analyze.rs:609 @ c2rust_analyze::analyze]: DefId(0:3202 ~ c2rust_port[716c]::src::cmp::csp_cmp_route::csp_cmp_route_set_v2_msg::interface)
[DEBUG @ c2rust-analyze/src/analyze.rs:605 @ c2rust_analyze::analyze]: DefId(0:3204 ~ c2rust_port[716c]::src::cmp::csp_cmp_route::{impl#10})
[DEBUG @ c2rust-analyze/src/analyze.rs:605 @ c2rust_analyze::analyze]: DefId(0:3205 ~ c2rust_port[716c]::src::cmp::csp_cmp_route::{impl#11})
[DEBUG @ c2rust-analyze/src/analyze.rs:605 @ c2rust_analyze::analyze]: DefId(0:344 ~ c2rust_port[716c]::src::cmp::csp_cmp_route::CSP_ERR_NONE)
[DEBUG @ c2rust-analyze/src/analyze.rs:605 @ c2rust_analyze::analyze]: DefId(0:345 ~ c2rust_port[716c]::src::cmp::csp_cmp_route::CSP_ERR_INVAL)
[DEBUG @ c2rust-analyze/src/analyze.rs:605 @ c2rust_analyze::analyze]: DefId(0:346 ~ c2rust_port[716c]::src::cmp::csp_cmp_route::NULL)
[DEBUG @ c2rust-analyze/src/analyze.rs:605 @ c2rust_analyze::analyze]: DefId(0:347 ~ c2rust_port[716c]::src::cmp::csp_cmp_route::csp_cmp_check_len)
[DEBUG @ c2rust-analyze/src/analyze.rs:605 @ c2rust_analyze::analyze]: DefId(0:348 ~ c2rust_port[716c]::src::cmp::csp_cmp_route::__bswap_16)
[DEBUG @ c2rust-analyze/src/analyze.rs:605 @ c2rust_analyze::analyze]: DefId(0:349 ~ c2rust_port[716c]::src::cmp::csp_cmp_route::csp_cmp_route_set_v1_handler)
[DEBUG @ c2rust-analyze/src/analyze.rs:605 @ c2rust_analyze::analyze]: DefId(0:350 ~ c2rust_port[716c]::src::cmp::csp_cmp_route::csp_cmp_route_set_v2_handler)
[DEBUG @ c2rust-analyze/src/analyze.rs:605 @ c2rust_analyze::analyze]: DefId(0:351 ~ c2rust_port[716c]::src::crypto)
[DEBUG @ c2rust-analyze/src/analyze.rs:605 @ c2rust_analyze::analyze]: DefId(0:352 ~ c2rust_port[716c]::src::crypto::csp_hmac)
[DEBUG @ c2rust-analyze/src/analyze.rs:605 @ c2rust_analyze::analyze]: DefId(0:353 ~ c2rust_port[716c]::src::crypto::csp_hmac::{extern#0})
[DEBUG @ c2rust-analyze/src/analyze.rs:605 @ c2rust_analyze::analyze]: DefId(0:362 ~ c2rust_port[716c]::src::crypto::csp_hmac::__uint8_t)
[DEBUG @ c2rust-analyze/src/analyze.rs:605 @ c2rust_analyze::analyze]: DefId(0:363 ~ c2rust_port[716c]::src::crypto::csp_hmac::__uint16_t)
[DEBUG @ c2rust-analyze/src/analyze.rs:605 @ c2rust_analyze::analyze]: DefId(0:364 ~ c2rust_port[716c]::src::crypto::csp_hmac::__uint32_t)
[DEBUG @ c2rust-analyze/src/analyze.rs:605 @ c2rust_analyze::analyze]: DefId(0:365 ~ c2rust_port[716c]::src::crypto::csp_hmac::__uint64_t)
[DEBUG @ c2rust-analyze/src/analyze.rs:605 @ c2rust_analyze::analyze]: DefId(0:366 ~ c2rust_port[716c]::src::crypto::csp_hmac::uint8_t)
[DEBUG @ c2rust-analyze/src/analyze.rs:605 @ c2rust_analyze::analyze]: DefId(0:367 ~ c2rust_port[716c]::src::crypto::csp_hmac::uint16_t)
[DEBUG @ c2rust-analyze/src/analyze.rs:605 @ c2rust_analyze::analyze]: DefId(0:368 ~ c2rust_port[716c]::src::crypto::csp_hmac::uint32_t)
[DEBUG @ c2rust-analyze/src/analyze.rs:605 @ c2rust_analyze::analyze]: DefId(0:369 ~ c2rust_port[716c]::src::crypto::csp_hmac::uint64_t)
[DEBUG @ c2rust-analyze/src/analyze.rs:605 @ c2rust_analyze::analyze]: DefId(0:370 ~ c2rust_port[716c]::src::crypto::csp_hmac::size_t)
[DEBUG @ c2rust-analyze/src/analyze.rs:605 @ c2rust_analyze::analyze]: DefId(0:3208 ~ c2rust_port[716c]::src::crypto::csp_hmac::csp_id_t)
[DEBUG @ c2rust-analyze/src/analyze.rs:609 @ c2rust_analyze::analyze]: DefId(0:3209 ~ c2rust_port[716c]::src::crypto::csp_hmac::csp_id_t::pri)
[DEBUG @ c2rust-analyze/src/analyze.rs:609 @ c2rust_analyze::analyze]: DefId(0:3210 ~ c2rust_port[716c]::src::crypto::csp_hmac::csp_id_t::flags)
[DEBUG @ c2rust-analyze/src/analyze.rs:609 @ c2rust_analyze::analyze]: DefId(0:3211 ~ c2rust_port[716c]::src::crypto::csp_hmac::csp_id_t::src)
[DEBUG @ c2rust-analyze/src/analyze.rs:609 @ c2rust_analyze::analyze]: DefId(0:3212 ~ c2rust_port[716c]::src::crypto::csp_hmac::csp_id_t::dst)
[DEBUG @ c2rust-analyze/src/analyze.rs:609 @ c2rust_analyze::analyze]: DefId(0:3213 ~ c2rust_port[716c]::src::crypto::csp_hmac::csp_id_t::dport)
[DEBUG @ c2rust-analyze/src/analyze.rs:609 @ c2rust_analyze::analyze]: DefId(0:3214 ~ c2rust_port[716c]::src::crypto::csp_hmac::csp_id_t::sport)
[DEBUG @ c2rust-analyze/src/analyze.rs:605 @ c2rust_analyze::analyze]: DefId(0:3215 ~ c2rust_port[716c]::src::crypto::csp_hmac::{impl#0})
[DEBUG @ c2rust-analyze/src/analyze.rs:605 @ c2rust_analyze::analyze]: DefId(0:3216 ~ c2rust_port[716c]::src::crypto::csp_hmac::{impl#1})
[DEBUG @ c2rust-analyze/src/analyze.rs:605 @ c2rust_analyze::analyze]: DefId(0:3218 ~ c2rust_port[716c]::src::crypto::csp_hmac::csp_packet_s)
[DEBUG @ c2rust-analyze/src/analyze.rs:609 @ c2rust_analyze::analyze]: DefId(0:3219 ~ c2rust_port[716c]::src::crypto::csp_hmac::csp_packet_s::timestamp_tx)
[DEBUG @ c2rust-analyze/src/analyze.rs:609 @ c2rust_analyze::analyze]: DefId(0:3220 ~ c2rust_port[716c]::src::crypto::csp_hmac::csp_packet_s::timestamp_rx)
[DEBUG @ c2rust-analyze/src/analyze.rs:609 @ c2rust_analyze::analyze]: DefId(0:3221 ~ c2rust_port[716c]::src::crypto::csp_hmac::csp_packet_s::conn)
[DEBUG @ c2rust-analyze/src/analyze.rs:609 @ c2rust_analyze::analyze]: DefId(0:3222 ~ c2rust_port[716c]::src::crypto::csp_hmac::csp_packet_s::rx_count)
[DEBUG @ c2rust-analyze/src/analyze.rs:609 @ c2rust_analyze::analyze]: DefId(0:3223 ~ c2rust_port[716c]::src::crypto::csp_hmac::csp_packet_s::remain)
[DEBUG @ c2rust-analyze/src/analyze.rs:609 @ c2rust_analyze::analyze]: DefId(0:3224 ~ c2rust_port[716c]::src::crypto::csp_hmac::csp_packet_s::cfpid)
[DEBUG @ c2rust-analyze/src/analyze.rs:609 @ c2rust_analyze::analyze]: DefId(0:3225 ~ c2rust_port[716c]::src::crypto::csp_hmac::csp_packet_s::last_used)
[DEBUG @ c2rust-analyze/src/analyze.rs:609 @ c2rust_analyze::analyze]: DefId(0:3226 ~ c2rust_port[716c]::src::crypto::csp_hmac::csp_packet_s::frame_begin)
[DEBUG @ c2rust-analyze/src/analyze.rs:609 @ c2rust_analyze::analyze]: DefId(0:3227 ~ c2rust_port[716c]::src::crypto::csp_hmac::csp_packet_s::frame_length)
[DEBUG @ c2rust-analyze/src/analyze.rs:609 @ c2rust_analyze::analyze]: DefId(0:3228 ~ c2rust_port[716c]::src::crypto::csp_hmac::csp_packet_s::length)
[DEBUG @ c2rust-analyze/src/analyze.rs:609 @ c2rust_analyze::analyze]: DefId(0:3229 ~ c2rust_port[716c]::src::crypto::csp_hmac::csp_packet_s::id)
[DEBUG @ c2rust-analyze/src/analyze.rs:609 @ c2rust_analyze::analyze]: DefId(0:3230 ~ c2rust_port[716c]::src::crypto::csp_hmac::csp_packet_s::next)
[DEBUG @ c2rust-analyze/src/analyze.rs:609 @ c2rust_analyze::analyze]: DefId(0:3231 ~ c2rust_port[716c]::src::crypto::csp_hmac::csp_packet_s::header)
[DEBUG @ c2rust-analyze/src/analyze.rs:609 @ c2rust_analyze::analyze]: DefId(0:3233 ~ c2rust_port[716c]::src::crypto::csp_hmac::csp_packet_s::c2rust_unnamed)
[DEBUG @ c2rust-analyze/src/analyze.rs:605 @ c2rust_analyze::analyze]: DefId(0:3234 ~ c2rust_port[716c]::src::crypto::csp_hmac::{impl#2})
[DEBUG @ c2rust-analyze/src/analyze.rs:605 @ c2rust_analyze::analyze]: DefId(0:3235 ~ c2rust_port[716c]::src::crypto::csp_hmac::{impl#3})
[DEBUG @ c2rust-analyze/src/analyze.rs:605 @ c2rust_analyze::analyze]: DefId(0:3238 ~ c2rust_port[716c]::src::crypto::csp_hmac::C2RustUnnamed)
[DEBUG @ c2rust-analyze/src/analyze.rs:605 @ c2rust_analyze::analyze]: DefId(0:3245 ~ c2rust_port[716c]::src::crypto::csp_hmac::{impl#4})
[DEBUG @ c2rust-analyze/src/analyze.rs:605 @ c2rust_analyze::analyze]: DefId(0:3246 ~ c2rust_port[716c]::src::crypto::csp_hmac::{impl#5})
[DEBUG @ c2rust-analyze/src/analyze.rs:605 @ c2rust_analyze::analyze]: DefId(0:371 ~ c2rust_port[716c]::src::crypto::csp_hmac::csp_packet_t)
[DEBUG @ c2rust-analyze/src/analyze.rs:605 @ c2rust_analyze::analyze]: DefId(0:3248 ~ c2rust_port[716c]::src::crypto::csp_hmac::csp_sha1_state_t)
[DEBUG @ c2rust-analyze/src/analyze.rs:609 @ c2rust_analyze::analyze]: DefId(0:3249 ~ c2rust_port[716c]::src::crypto::csp_hmac::csp_sha1_state_t::length)
[DEBUG @ c2rust-analyze/src/analyze.rs:609 @ c2rust_analyze::analyze]: DefId(0:3250 ~ c2rust_port[716c]::src::crypto::csp_hmac::csp_sha1_state_t::state)
[DEBUG @ c2rust-analyze/src/analyze.rs:609 @ c2rust_analyze::analyze]: DefId(0:3252 ~ c2rust_port[716c]::src::crypto::csp_hmac::csp_sha1_state_t::curlen)
[DEBUG @ c2rust-analyze/src/analyze.rs:609 @ c2rust_analyze::analyze]: DefId(0:3253 ~ c2rust_port[716c]::src::crypto::csp_hmac::csp_sha1_state_t::buf)
[DEBUG @ c2rust-analyze/src/analyze.rs:605 @ c2rust_analyze::analyze]: DefId(0:3255 ~ c2rust_port[716c]::src::crypto::csp_hmac::{impl#6})
[DEBUG @ c2rust-analyze/src/analyze.rs:605 @ c2rust_analyze::analyze]: DefId(0:3256 ~ c2rust_port[716c]::src::crypto::csp_hmac::{impl#7})
[DEBUG @ c2rust-analyze/src/analyze.rs:605 @ c2rust_analyze::analyze]: DefId(0:3260 ~ c2rust_port[716c]::src::crypto::csp_hmac::hmac_state)
[DEBUG @ c2rust-analyze/src/analyze.rs:609 @ c2rust_analyze::analyze]: DefId(0:3261 ~ c2rust_port[716c]::src::crypto::csp_hmac::hmac_state::md)
[DEBUG @ c2rust-analyze/src/analyze.rs:609 @ c2rust_analyze::analyze]: DefId(0:3262 ~ c2rust_port[716c]::src::crypto::csp_hmac::hmac_state::key)
[DEBUG @ c2rust-analyze/src/analyze.rs:605 @ c2rust_analyze::analyze]: DefId(0:3264 ~ c2rust_port[716c]::src::crypto::csp_hmac::{impl#8})
[DEBUG @ c2rust-analyze/src/analyze.rs:605 @ c2rust_analyze::analyze]: DefId(0:3265 ~ c2rust_port[716c]::src::crypto::csp_hmac::{impl#9})
[DEBUG @ c2rust-analyze/src/analyze.rs:605 @ c2rust_analyze::analyze]: DefId(0:372 ~ c2rust_port[716c]::src::crypto::csp_hmac::CSP_ERR_NONE)
[DEBUG @ c2rust-analyze/src/analyze.rs:605 @ c2rust_analyze::analyze]: DefId(0:373 ~ c2rust_port[716c]::src::crypto::csp_hmac::CSP_ERR_NOMEM)
[DEBUG @ c2rust-analyze/src/analyze.rs:605 @ c2rust_analyze::analyze]: DefId(0:374 ~ c2rust_port[716c]::src::crypto::csp_hmac::CSP_ERR_INVAL)
[DEBUG @ c2rust-analyze/src/analyze.rs:605 @ c2rust_analyze::analyze]: DefId(0:375 ~ c2rust_port[716c]::src::crypto::csp_hmac::CSP_ERR_HMAC)
[DEBUG @ c2rust-analyze/src/analyze.rs:605 @ c2rust_analyze::analyze]: DefId(0:376 ~ c2rust_port[716c]::src::crypto::csp_hmac::CSP_SHA1_BLOCKSIZE)
[DEBUG @ c2rust-analyze/src/analyze.rs:605 @ c2rust_analyze::analyze]: DefId(0:377 ~ c2rust_port[716c]::src::crypto::csp_hmac::CSP_SHA1_DIGESTSIZE)
[DEBUG @ c2rust-analyze/src/analyze.rs:605 @ c2rust_analyze::analyze]: DefId(0:378 ~ c2rust_port[716c]::src::crypto::csp_hmac::CSP_HMAC_LENGTH)
[DEBUG @ c2rust-analyze/src/analyze.rs:605 @ c2rust_analyze::analyze]: DefId(0:379 ~ c2rust_port[716c]::src::crypto::csp_hmac::csp_hmac_key)
[DEBUG @ c2rust-analyze/src/analyze.rs:605 @ c2rust_analyze::analyze]: DefId(0:382 ~ c2rust_port[716c]::src::crypto::csp_hmac::csp_hmac_init)
[DEBUG @ c2rust-analyze/src/analyze.rs:605 @ c2rust_analyze::analyze]: DefId(0:385 ~ c2rust_port[716c]::src::crypto::csp_hmac::csp_hmac_process)
[DEBUG @ c2rust-analyze/src/analyze.rs:605 @ c2rust_analyze::analyze]: DefId(0:386 ~ c2rust_port[716c]::src::crypto::csp_hmac::csp_hmac_done)
[DEBUG @ c2rust-analyze/src/analyze.rs:605 @ c2rust_analyze::analyze]: DefId(0:394 ~ c2rust_port[716c]::src::crypto::csp_hmac::csp_hmac_memory)
[DEBUG @ c2rust-analyze/src/analyze.rs:605 @ c2rust_analyze::analyze]: DefId(0:398 ~ c2rust_port[716c]::src::crypto::csp_hmac::csp_hmac_set_key)
[DEBUG @ c2rust-analyze/src/analyze.rs:605 @ c2rust_analyze::analyze]: DefId(0:402 ~ c2rust_port[716c]::src::crypto::csp_hmac::csp_hmac_append)
[DEBUG @ c2rust-analyze/src/analyze.rs:605 @ c2rust_analyze::analyze]: DefId(0:408 ~ c2rust_port[716c]::src::crypto::csp_hmac::csp_hmac_verify)
[DEBUG @ c2rust-analyze/src/analyze.rs:605 @ c2rust_analyze::analyze]: DefId(0:413 ~ c2rust_port[716c]::src::crypto::csp_sha1)
[DEBUG @ c2rust-analyze/src/analyze.rs:605 @ c2rust_analyze::analyze]: DefId(0:414 ~ c2rust_port[716c]::src::crypto::csp_sha1::{extern#0})
[DEBUG @ c2rust-analyze/src/analyze.rs:605 @ c2rust_analyze::analyze]: DefId(0:416 ~ c2rust_port[716c]::src::crypto::csp_sha1::__uint8_t)
[DEBUG @ c2rust-analyze/src/analyze.rs:605 @ c2rust_analyze::analyze]: DefId(0:417 ~ c2rust_port[716c]::src::crypto::csp_sha1::__uint32_t)
[DEBUG @ c2rust-analyze/src/analyze.rs:605 @ c2rust_analyze::analyze]: DefId(0:418 ~ c2rust_port[716c]::src::crypto::csp_sha1::__uint64_t)
[DEBUG @ c2rust-analyze/src/analyze.rs:605 @ c2rust_analyze::analyze]: DefId(0:419 ~ c2rust_port[716c]::src::crypto::csp_sha1::uint8_t)
[DEBUG @ c2rust-analyze/src/analyze.rs:605 @ c2rust_analyze::analyze]: DefId(0:420 ~ c2rust_port[716c]::src::crypto::csp_sha1::uint32_t)
[DEBUG @ c2rust-analyze/src/analyze.rs:605 @ c2rust_analyze::analyze]: DefId(0:421 ~ c2rust_port[716c]::src::crypto::csp_sha1::uint64_t)
[DEBUG @ c2rust-analyze/src/analyze.rs:605 @ c2rust_analyze::analyze]: DefId(0:422 ~ c2rust_port[716c]::src::crypto::csp_sha1::size_t)
[DEBUG @ c2rust-analyze/src/analyze.rs:605 @ c2rust_analyze::analyze]: DefId(0:3268 ~ c2rust_port[716c]::src::crypto::csp_sha1::csp_sha1_state_t)
[DEBUG @ c2rust-analyze/src/analyze.rs:609 @ c2rust_analyze::analyze]: DefId(0:3269 ~ c2rust_port[716c]::src::crypto::csp_sha1::csp_sha1_state_t::length)
[DEBUG @ c2rust-analyze/src/analyze.rs:609 @ c2rust_analyze::analyze]: DefId(0:3270 ~ c2rust_port[716c]::src::crypto::csp_sha1::csp_sha1_state_t::state)
[DEBUG @ c2rust-analyze/src/analyze.rs:609 @ c2rust_analyze::analyze]: DefId(0:3272 ~ c2rust_port[716c]::src::crypto::csp_sha1::csp_sha1_state_t::curlen)
[DEBUG @ c2rust-analyze/src/analyze.rs:609 @ c2rust_analyze::analyze]: DefId(0:3273 ~ c2rust_port[716c]::src::crypto::csp_sha1::csp_sha1_state_t::buf)
[DEBUG @ c2rust-analyze/src/analyze.rs:605 @ c2rust_analyze::analyze]: DefId(0:3275 ~ c2rust_port[716c]::src::crypto::csp_sha1::{impl#0})
[DEBUG @ c2rust-analyze/src/analyze.rs:605 @ c2rust_analyze::analyze]: DefId(0:3276 ~ c2rust_port[716c]::src::crypto::csp_sha1::{impl#1})
[DEBUG @ c2rust-analyze/src/analyze.rs:605 @ c2rust_analyze::analyze]: DefId(0:423 ~ c2rust_port[716c]::src::crypto::csp_sha1::CSP_SHA1_BLOCKSIZE)
[DEBUG @ c2rust-analyze/src/analyze.rs:605 @ c2rust_analyze::analyze]: DefId(0:424 ~ c2rust_port[716c]::src::crypto::csp_sha1::csp_sha1_compress)
[DEBUG @ c2rust-analyze/src/analyze.rs:605 @ c2rust_analyze::analyze]: DefId(0:427 ~ c2rust_port[716c]::src::crypto::csp_sha1::csp_sha1_init)
[DEBUG @ c2rust-analyze/src/analyze.rs:605 @ c2rust_analyze::analyze]: DefId(0:428 ~ c2rust_port[716c]::src::crypto::csp_sha1::csp_sha1_process)
[DEBUG @ c2rust-analyze/src/analyze.rs:605 @ c2rust_analyze::analyze]: DefId(0:429 ~ c2rust_port[716c]::src::crypto::csp_sha1::csp_sha1_done)
[DEBUG @ c2rust-analyze/src/analyze.rs:605 @ c2rust_analyze::analyze]: DefId(0:430 ~ c2rust_port[716c]::src::crypto::csp_sha1::csp_sha1_memory)
[DEBUG @ c2rust-analyze/src/analyze.rs:605 @ c2rust_analyze::analyze]: DefId(0:433 ~ c2rust_port[716c]::src::csp_bridge)
[DEBUG @ c2rust-analyze/src/analyze.rs:605 @ c2rust_analyze::analyze]: DefId(0:434 ~ c2rust_port[716c]::src::csp_bridge::{extern#0})
[DEBUG @ c2rust-analyze/src/analyze.rs:605 @ c2rust_analyze::analyze]: DefId(0:444 ~ c2rust_port[716c]::src::csp_bridge::__uint8_t)
[DEBUG @ c2rust-analyze/src/analyze.rs:605 @ c2rust_analyze::analyze]: DefId(0:445 ~ c2rust_port[716c]::src::csp_bridge::__uint16_t)
[DEBUG @ c2rust-analyze/src/analyze.rs:605 @ c2rust_analyze::analyze]: DefId(0:446 ~ c2rust_port[716c]::src::csp_bridge::__uint32_t)
[DEBUG @ c2rust-analyze/src/analyze.rs:605 @ c2rust_analyze::analyze]: DefId(0:447 ~ c2rust_port[716c]::src::csp_bridge::__uint64_t)
[DEBUG @ c2rust-analyze/src/analyze.rs:605 @ c2rust_analyze::analyze]: DefId(0:448 ~ c2rust_port[716c]::src::csp_bridge::uint8_t)
[DEBUG @ c2rust-analyze/src/analyze.rs:605 @ c2rust_analyze::analyze]: DefId(0:449 ~ c2rust_port[716c]::src::csp_bridge::uint16_t)
[DEBUG @ c2rust-analyze/src/analyze.rs:605 @ c2rust_analyze::analyze]: DefId(0:450 ~ c2rust_port[716c]::src::csp_bridge::uint32_t)
[DEBUG @ c2rust-analyze/src/analyze.rs:605 @ c2rust_analyze::analyze]: DefId(0:451 ~ c2rust_port[716c]::src::csp_bridge::uint64_t)
[DEBUG @ c2rust-analyze/src/analyze.rs:605 @ c2rust_analyze::analyze]: DefId(0:3280 ~ c2rust_port[716c]::src::csp_bridge::csp_id_t)
[DEBUG @ c2rust-analyze/src/analyze.rs:609 @ c2rust_analyze::analyze]: DefId(0:3281 ~ c2rust_port[716c]::src::csp_bridge::csp_id_t::pri)
[DEBUG @ c2rust-analyze/src/analyze.rs:609 @ c2rust_analyze::analyze]: DefId(0:3282 ~ c2rust_port[716c]::src::csp_bridge::csp_id_t::flags)
[DEBUG @ c2rust-analyze/src/analyze.rs:609 @ c2rust_analyze::analyze]: DefId(0:3283 ~ c2rust_port[716c]::src::csp_bridge::csp_id_t::src)
[DEBUG @ c2rust-analyze/src/analyze.rs:609 @ c2rust_analyze::analyze]: DefId(0:3284 ~ c2rust_port[716c]::src::csp_bridge::csp_id_t::dst)
[DEBUG @ c2rust-analyze/src/analyze.rs:609 @ c2rust_analyze::analyze]: DefId(0:3285 ~ c2rust_port[716c]::src::csp_bridge::csp_id_t::dport)
[DEBUG @ c2rust-analyze/src/analyze.rs:609 @ c2rust_analyze::analyze]: DefId(0:3286 ~ c2rust_port[716c]::src::csp_bridge::csp_id_t::sport)
[DEBUG @ c2rust-analyze/src/analyze.rs:605 @ c2rust_analyze::analyze]: DefId(0:3287 ~ c2rust_port[716c]::src::csp_bridge::{impl#0})
[DEBUG @ c2rust-analyze/src/analyze.rs:605 @ c2rust_analyze::analyze]: DefId(0:3288 ~ c2rust_port[716c]::src::csp_bridge::{impl#1})
[DEBUG @ c2rust-analyze/src/analyze.rs:605 @ c2rust_analyze::analyze]: DefId(0:3290 ~ c2rust_port[716c]::src::csp_bridge::csp_packet_s)
[DEBUG @ c2rust-analyze/src/analyze.rs:609 @ c2rust_analyze::analyze]: DefId(0:3291 ~ c2rust_port[716c]::src::csp_bridge::csp_packet_s::timestamp_tx)
[DEBUG @ c2rust-analyze/src/analyze.rs:609 @ c2rust_analyze::analyze]: DefId(0:3292 ~ c2rust_port[716c]::src::csp_bridge::csp_packet_s::timestamp_rx)
[DEBUG @ c2rust-analyze/src/analyze.rs:609 @ c2rust_analyze::analyze]: DefId(0:3293 ~ c2rust_port[716c]::src::csp_bridge::csp_packet_s::conn)
[DEBUG @ c2rust-analyze/src/analyze.rs:609 @ c2rust_analyze::analyze]: DefId(0:3294 ~ c2rust_port[716c]::src::csp_bridge::csp_packet_s::rx_count)
[DEBUG @ c2rust-analyze/src/analyze.rs:609 @ c2rust_analyze::analyze]: DefId(0:3295 ~ c2rust_port[716c]::src::csp_bridge::csp_packet_s::remain)
[DEBUG @ c2rust-analyze/src/analyze.rs:609 @ c2rust_analyze::analyze]: DefId(0:3296 ~ c2rust_port[716c]::src::csp_bridge::csp_packet_s::cfpid)
[DEBUG @ c2rust-analyze/src/analyze.rs:609 @ c2rust_analyze::analyze]: DefId(0:3297 ~ c2rust_port[716c]::src::csp_bridge::csp_packet_s::last_used)
[DEBUG @ c2rust-analyze/src/analyze.rs:609 @ c2rust_analyze::analyze]: DefId(0:3298 ~ c2rust_port[716c]::src::csp_bridge::csp_packet_s::frame_begin)
[DEBUG @ c2rust-analyze/src/analyze.rs:609 @ c2rust_analyze::analyze]: DefId(0:3299 ~ c2rust_port[716c]::src::csp_bridge::csp_packet_s::frame_length)
[DEBUG @ c2rust-analyze/src/analyze.rs:609 @ c2rust_analyze::analyze]: DefId(0:3300 ~ c2rust_port[716c]::src::csp_bridge::csp_packet_s::length)
[DEBUG @ c2rust-analyze/src/analyze.rs:609 @ c2rust_analyze::analyze]: DefId(0:3301 ~ c2rust_port[716c]::src::csp_bridge::csp_packet_s::id)
[DEBUG @ c2rust-analyze/src/analyze.rs:609 @ c2rust_analyze::analyze]: DefId(0:3302 ~ c2rust_port[716c]::src::csp_bridge::csp_packet_s::next)
[DEBUG @ c2rust-analyze/src/analyze.rs:609 @ c2rust_analyze::analyze]: DefId(0:3303 ~ c2rust_port[716c]::src::csp_bridge::csp_packet_s::header)
[DEBUG @ c2rust-analyze/src/analyze.rs:609 @ c2rust_analyze::analyze]: DefId(0:3305 ~ c2rust_port[716c]::src::csp_bridge::csp_packet_s::c2rust_unnamed)
[DEBUG @ c2rust-analyze/src/analyze.rs:605 @ c2rust_analyze::analyze]: DefId(0:3306 ~ c2rust_port[716c]::src::csp_bridge::{impl#2})
[DEBUG @ c2rust-analyze/src/analyze.rs:605 @ c2rust_analyze::analyze]: DefId(0:3307 ~ c2rust_port[716c]::src::csp_bridge::{impl#3})
[DEBUG @ c2rust-analyze/src/analyze.rs:605 @ c2rust_analyze::analyze]: DefId(0:3310 ~ c2rust_port[716c]::src::csp_bridge::C2RustUnnamed)
[DEBUG @ c2rust-analyze/src/analyze.rs:605 @ c2rust_analyze::analyze]: DefId(0:3317 ~ c2rust_port[716c]::src::csp_bridge::{impl#4})
[DEBUG @ c2rust-analyze/src/analyze.rs:605 @ c2rust_analyze::analyze]: DefId(0:3318 ~ c2rust_port[716c]::src::csp_bridge::{impl#5})
[DEBUG @ c2rust-analyze/src/analyze.rs:605 @ c2rust_analyze::analyze]: DefId(0:452 ~ c2rust_port[716c]::src::csp_bridge::csp_packet_t)
[DEBUG @ c2rust-analyze/src/analyze.rs:605 @ c2rust_analyze::analyze]: DefId(0:3320 ~ c2rust_port[716c]::src::csp_bridge::csp_iface_s)
[DEBUG @ c2rust-analyze/src/analyze.rs:609 @ c2rust_analyze::analyze]: DefId(0:3321 ~ c2rust_port[716c]::src::csp_bridge::csp_iface_s::addr)
[DEBUG @ c2rust-analyze/src/analyze.rs:609 @ c2rust_analyze::analyze]: DefId(0:3322 ~ c2rust_port[716c]::src::csp_bridge::csp_iface_s::netmask)
[DEBUG @ c2rust-analyze/src/analyze.rs:609 @ c2rust_analyze::analyze]: DefId(0:3323 ~ c2rust_port[716c]::src::csp_bridge::csp_iface_s::name)
[DEBUG @ c2rust-analyze/src/analyze.rs:609 @ c2rust_analyze::analyze]: DefId(0:3324 ~ c2rust_port[716c]::src::csp_bridge::csp_iface_s::interface_data)
[DEBUG @ c2rust-analyze/src/analyze.rs:609 @ c2rust_analyze::analyze]: DefId(0:3325 ~ c2rust_port[716c]::src::csp_bridge::csp_iface_s::driver_data)
[DEBUG @ c2rust-analyze/src/analyze.rs:609 @ c2rust_analyze::analyze]: DefId(0:3326 ~ c2rust_port[716c]::src::csp_bridge::csp_iface_s::nexthop)
[DEBUG @ c2rust-analyze/src/analyze.rs:609 @ c2rust_analyze::analyze]: DefId(0:3327 ~ c2rust_port[716c]::src::csp_bridge::csp_iface_s::add_alias)
[DEBUG @ c2rust-analyze/src/analyze.rs:609 @ c2rust_analyze::analyze]: DefId(0:3328 ~ c2rust_port[716c]::src::csp_bridge::csp_iface_s::is_default)
[DEBUG @ c2rust-analyze/src/analyze.rs:609 @ c2rust_analyze::analyze]: DefId(0:3329 ~ c2rust_port[716c]::src::csp_bridge::csp_iface_s::tx)
[DEBUG @ c2rust-analyze/src/analyze.rs:609 @ c2rust_analyze::analyze]: DefId(0:3330 ~ c2rust_port[716c]::src::csp_bridge::csp_iface_s::rx)
[DEBUG @ c2rust-analyze/src/analyze.rs:609 @ c2rust_analyze::analyze]: DefId(0:3331 ~ c2rust_port[716c]::src::csp_bridge::csp_iface_s::tx_error)
[DEBUG @ c2rust-analyze/src/analyze.rs:609 @ c2rust_analyze::analyze]: DefId(0:3332 ~ c2rust_port[716c]::src::csp_bridge::csp_iface_s::rx_error)
[DEBUG @ c2rust-analyze/src/analyze.rs:609 @ c2rust_analyze::analyze]: DefId(0:3333 ~ c2rust_port[716c]::src::csp_bridge::csp_iface_s::drop)
[DEBUG @ c2rust-analyze/src/analyze.rs:609 @ c2rust_analyze::analyze]: DefId(0:3334 ~ c2rust_port[716c]::src::csp_bridge::csp_iface_s::autherr)
[DEBUG @ c2rust-analyze/src/analyze.rs:609 @ c2rust_analyze::analyze]: DefId(0:3335 ~ c2rust_port[716c]::src::csp_bridge::csp_iface_s::frame)
[DEBUG @ c2rust-analyze/src/analyze.rs:609 @ c2rust_analyze::analyze]: DefId(0:3336 ~ c2rust_port[716c]::src::csp_bridge::csp_iface_s::txbytes)
[DEBUG @ c2rust-analyze/src/analyze.rs:609 @ c2rust_analyze::analyze]: DefId(0:3337 ~ c2rust_port[716c]::src::csp_bridge::csp_iface_s::rxbytes)
[DEBUG @ c2rust-analyze/src/analyze.rs:609 @ c2rust_analyze::analyze]: DefId(0:3338 ~ c2rust_port[716c]::src::csp_bridge::csp_iface_s::irq)
[DEBUG @ c2rust-analyze/src/analyze.rs:609 @ c2rust_analyze::analyze]: DefId(0:3339 ~ c2rust_port[716c]::src::csp_bridge::csp_iface_s::next)
[DEBUG @ c2rust-analyze/src/analyze.rs:605 @ c2rust_analyze::analyze]: DefId(0:3340 ~ c2rust_port[716c]::src::csp_bridge::{impl#6})
[DEBUG @ c2rust-analyze/src/analyze.rs:605 @ c2rust_analyze::analyze]: DefId(0:3341 ~ c2rust_port[716c]::src::csp_bridge::{impl#7})
[DEBUG @ c2rust-analyze/src/analyze.rs:605 @ c2rust_analyze::analyze]: DefId(0:453 ~ c2rust_port[716c]::src::csp_bridge::csp_alias_add_t)
[DEBUG @ c2rust-analyze/src/analyze.rs:605 @ c2rust_analyze::analyze]: DefId(0:454 ~ c2rust_port[716c]::src::csp_bridge::nexthop_t)
[DEBUG @ c2rust-analyze/src/analyze.rs:605 @ c2rust_analyze::analyze]: DefId(0:455 ~ c2rust_port[716c]::src::csp_bridge::csp_iface_t)
[DEBUG @ c2rust-analyze/src/analyze.rs:605 @ c2rust_analyze::analyze]: DefId(0:3343 ~ c2rust_port[716c]::src::csp_bridge::csp_qfifo_t)
[DEBUG @ c2rust-analyze/src/analyze.rs:609 @ c2rust_analyze::analyze]: DefId(0:3344 ~ c2rust_port[716c]::src::csp_bridge::csp_qfifo_t::iface)
[DEBUG @ c2rust-analyze/src/analyze.rs:609 @ c2rust_analyze::analyze]: DefId(0:3345 ~ c2rust_port[716c]::src::csp_bridge::csp_qfifo_t::packet)
[DEBUG @ c2rust-analyze/src/analyze.rs:605 @ c2rust_analyze::analyze]: DefId(0:3346 ~ c2rust_port[716c]::src::csp_bridge::{impl#8})
[DEBUG @ c2rust-analyze/src/analyze.rs:605 @ c2rust_analyze::analyze]: DefId(0:3347 ~ c2rust_port[716c]::src::csp_bridge::{impl#9})
[DEBUG @ c2rust-analyze/src/analyze.rs:605 @ c2rust_analyze::analyze]: DefId(0:456 ~ c2rust_port[716c]::src::csp_bridge::NULL)
[DEBUG @ c2rust-analyze/src/analyze.rs:605 @ c2rust_analyze::analyze]: DefId(0:457 ~ c2rust_port[716c]::src::csp_bridge::CSP_ERR_NONE)
[DEBUG @ c2rust-analyze/src/analyze.rs:605 @ c2rust_analyze::analyze]: DefId(0:458 ~ c2rust_port[716c]::src::csp_bridge::CSP_NO_VIA_ADDRESS)
[DEBUG @ c2rust-analyze/src/analyze.rs:605 @ c2rust_analyze::analyze]: DefId(0:459 ~ c2rust_port[716c]::src::csp_bridge::bif_a)
[DEBUG @ c2rust-analyze/src/analyze.rs:605 @ c2rust_analyze::analyze]: DefId(0:460 ~ c2rust_port[716c]::src::csp_bridge::bif_b)
[DEBUG @ c2rust-analyze/src/analyze.rs:605 @ c2rust_analyze::analyze]: DefId(0:461 ~ c2rust_port[716c]::src::csp_bridge::csp_bridge_set_interfaces)
[DEBUG @ c2rust-analyze/src/analyze.rs:605 @ c2rust_analyze::analyze]: DefId(0:462 ~ c2rust_port[716c]::src::csp_bridge::csp_bridge_work)
[DEBUG @ c2rust-analyze/src/analyze.rs:605 @ c2rust_analyze::analyze]: DefId(0:463 ~ c2rust_port[716c]::src::csp_buffer)
[DEBUG @ c2rust-analyze/src/analyze.rs:605 @ c2rust_analyze::analyze]: DefId(0:464 ~ c2rust_port[716c]::src::csp_buffer::{extern#0})
[DEBUG @ c2rust-analyze/src/analyze.rs:605 @ c2rust_analyze::analyze]: DefId(0:480 ~ c2rust_port[716c]::src::csp_buffer::__uint8_t)
[DEBUG @ c2rust-analyze/src/analyze.rs:605 @ c2rust_analyze::analyze]: DefId(0:481 ~ c2rust_port[716c]::src::csp_buffer::__uint16_t)
[DEBUG @ c2rust-analyze/src/analyze.rs:605 @ c2rust_analyze::analyze]: DefId(0:482 ~ c2rust_port[716c]::src::csp_buffer::__uint32_t)
[DEBUG @ c2rust-analyze/src/analyze.rs:605 @ c2rust_analyze::analyze]: DefId(0:483 ~ c2rust_port[716c]::src::csp_buffer::__uint64_t)
[DEBUG @ c2rust-analyze/src/analyze.rs:605 @ c2rust_analyze::analyze]: DefId(0:484 ~ c2rust_port[716c]::src::csp_buffer::uint8_t)
[DEBUG @ c2rust-analyze/src/analyze.rs:605 @ c2rust_analyze::analyze]: DefId(0:485 ~ c2rust_port[716c]::src::csp_buffer::uint16_t)
[DEBUG @ c2rust-analyze/src/analyze.rs:605 @ c2rust_analyze::analyze]: DefId(0:486 ~ c2rust_port[716c]::src::csp_buffer::uint32_t)
[DEBUG @ c2rust-analyze/src/analyze.rs:605 @ c2rust_analyze::analyze]: DefId(0:487 ~ c2rust_port[716c]::src::csp_buffer::uint64_t)
[DEBUG @ c2rust-analyze/src/analyze.rs:605 @ c2rust_analyze::analyze]: DefId(0:488 ~ c2rust_port[716c]::src::csp_buffer::size_t)
[DEBUG @ c2rust-analyze/src/analyze.rs:605 @ c2rust_analyze::analyze]: DefId(0:489 ~ c2rust_port[716c]::src::csp_buffer::pthread_queue_t)
[DEBUG @ c2rust-analyze/src/analyze.rs:605 @ c2rust_analyze::analyze]: DefId(0:490 ~ c2rust_port[716c]::src::csp_buffer::csp_queue_handle_t)
[DEBUG @ c2rust-analyze/src/analyze.rs:605 @ c2rust_analyze::analyze]: DefId(0:491 ~ c2rust_port[716c]::src::csp_buffer::csp_static_queue_t)
[DEBUG @ c2rust-analyze/src/analyze.rs:605 @ c2rust_analyze::analyze]: DefId(0:3349 ~ c2rust_port[716c]::src::csp_buffer::csp_id_t)
[DEBUG @ c2rust-analyze/src/analyze.rs:609 @ c2rust_analyze::analyze]: DefId(0:3350 ~ c2rust_port[716c]::src::csp_buffer::csp_id_t::pri)
[DEBUG @ c2rust-analyze/src/analyze.rs:609 @ c2rust_analyze::analyze]: DefId(0:3351 ~ c2rust_port[716c]::src::csp_buffer::csp_id_t::flags)
[DEBUG @ c2rust-analyze/src/analyze.rs:609 @ c2rust_analyze::analyze]: DefId(0:3352 ~ c2rust_port[716c]::src::csp_buffer::csp_id_t::src)
[DEBUG @ c2rust-analyze/src/analyze.rs:609 @ c2rust_analyze::analyze]: DefId(0:3353 ~ c2rust_port[716c]::src::csp_buffer::csp_id_t::dst)
[DEBUG @ c2rust-analyze/src/analyze.rs:609 @ c2rust_analyze::analyze]: DefId(0:3354 ~ c2rust_port[716c]::src::csp_buffer::csp_id_t::dport)
[DEBUG @ c2rust-analyze/src/analyze.rs:609 @ c2rust_analyze::analyze]: DefId(0:3355 ~ c2rust_port[716c]::src::csp_buffer::csp_id_t::sport)
[DEBUG @ c2rust-analyze/src/analyze.rs:605 @ c2rust_analyze::analyze]: DefId(0:3356 ~ c2rust_port[716c]::src::csp_buffer::{impl#0})
[DEBUG @ c2rust-analyze/src/analyze.rs:605 @ c2rust_analyze::analyze]: DefId(0:3357 ~ c2rust_port[716c]::src::csp_buffer::{impl#1})
[DEBUG @ c2rust-analyze/src/analyze.rs:605 @ c2rust_analyze::analyze]: DefId(0:3359 ~ c2rust_port[716c]::src::csp_buffer::csp_packet_s)
[DEBUG @ c2rust-analyze/src/analyze.rs:609 @ c2rust_analyze::analyze]: DefId(0:3360 ~ c2rust_port[716c]::src::csp_buffer::csp_packet_s::timestamp_tx)
[DEBUG @ c2rust-analyze/src/analyze.rs:609 @ c2rust_analyze::analyze]: DefId(0:3361 ~ c2rust_port[716c]::src::csp_buffer::csp_packet_s::timestamp_rx)
[DEBUG @ c2rust-analyze/src/analyze.rs:609 @ c2rust_analyze::analyze]: DefId(0:3362 ~ c2rust_port[716c]::src::csp_buffer::csp_packet_s::conn)
[DEBUG @ c2rust-analyze/src/analyze.rs:609 @ c2rust_analyze::analyze]: DefId(0:3363 ~ c2rust_port[716c]::src::csp_buffer::csp_packet_s::rx_count)
[DEBUG @ c2rust-analyze/src/analyze.rs:609 @ c2rust_analyze::analyze]: DefId(0:3364 ~ c2rust_port[716c]::src::csp_buffer::csp_packet_s::remain)
[DEBUG @ c2rust-analyze/src/analyze.rs:609 @ c2rust_analyze::analyze]: DefId(0:3365 ~ c2rust_port[716c]::src::csp_buffer::csp_packet_s::cfpid)
[DEBUG @ c2rust-analyze/src/analyze.rs:609 @ c2rust_analyze::analyze]: DefId(0:3366 ~ c2rust_port[716c]::src::csp_buffer::csp_packet_s::last_used)
[DEBUG @ c2rust-analyze/src/analyze.rs:609 @ c2rust_analyze::analyze]: DefId(0:3367 ~ c2rust_port[716c]::src::csp_buffer::csp_packet_s::frame_begin)
[DEBUG @ c2rust-analyze/src/analyze.rs:609 @ c2rust_analyze::analyze]: DefId(0:3368 ~ c2rust_port[716c]::src::csp_buffer::csp_packet_s::frame_length)
[DEBUG @ c2rust-analyze/src/analyze.rs:609 @ c2rust_analyze::analyze]: DefId(0:3369 ~ c2rust_port[716c]::src::csp_buffer::csp_packet_s::length)
[DEBUG @ c2rust-analyze/src/analyze.rs:609 @ c2rust_analyze::analyze]: DefId(0:3370 ~ c2rust_port[716c]::src::csp_buffer::csp_packet_s::id)
[DEBUG @ c2rust-analyze/src/analyze.rs:609 @ c2rust_analyze::analyze]: DefId(0:3371 ~ c2rust_port[716c]::src::csp_buffer::csp_packet_s::next)
[DEBUG @ c2rust-analyze/src/analyze.rs:609 @ c2rust_analyze::analyze]: DefId(0:3372 ~ c2rust_port[716c]::src::csp_buffer::csp_packet_s::header)
[DEBUG @ c2rust-analyze/src/analyze.rs:609 @ c2rust_analyze::analyze]: DefId(0:3374 ~ c2rust_port[716c]::src::csp_buffer::csp_packet_s::c2rust_unnamed)
[DEBUG @ c2rust-analyze/src/analyze.rs:605 @ c2rust_analyze::analyze]: DefId(0:3375 ~ c2rust_port[716c]::src::csp_buffer::{impl#2})
[DEBUG @ c2rust-analyze/src/analyze.rs:605 @ c2rust_analyze::analyze]: DefId(0:3376 ~ c2rust_port[716c]::src::csp_buffer::{impl#3})
[DEBUG @ c2rust-analyze/src/analyze.rs:605 @ c2rust_analyze::analyze]: DefId(0:3379 ~ c2rust_port[716c]::src::csp_buffer::C2RustUnnamed)
[DEBUG @ c2rust-analyze/src/analyze.rs:605 @ c2rust_analyze::analyze]: DefId(0:3386 ~ c2rust_port[716c]::src::csp_buffer::{impl#4})
[DEBUG @ c2rust-analyze/src/analyze.rs:605 @ c2rust_analyze::analyze]: DefId(0:3387 ~ c2rust_port[716c]::src::csp_buffer::{impl#5})
[DEBUG @ c2rust-analyze/src/analyze.rs:605 @ c2rust_analyze::analyze]: DefId(0:492 ~ c2rust_port[716c]::src::csp_buffer::csp_packet_t)
[DEBUG @ c2rust-analyze/src/analyze.rs:605 @ c2rust_analyze::analyze]: DefId(0:493 ~ c2rust_port[716c]::src::csp_buffer::csp_skbf_t)
[DEBUG @ c2rust-analyze/src/analyze.rs:605 @ c2rust_analyze::analyze]: DefId(0:3389 ~ c2rust_port[716c]::src::csp_buffer::csp_skbf_s)
[DEBUG @ c2rust-analyze/src/analyze.rs:609 @ c2rust_analyze::analyze]: DefId(0:3390 ~ c2rust_port[716c]::src::csp_buffer::csp_skbf_s::refcount)
[DEBUG @ c2rust-analyze/src/analyze.rs:609 @ c2rust_analyze::analyze]: DefId(0:3391 ~ c2rust_port[716c]::src::csp_buffer::csp_skbf_s::skbf_addr)
[DEBUG @ c2rust-analyze/src/analyze.rs:609 @ c2rust_analyze::analyze]: DefId(0:3392 ~ c2rust_port[716c]::src::csp_buffer::csp_skbf_s::skbf_data)
[DEBUG @ c2rust-analyze/src/analyze.rs:605 @ c2rust_analyze::analyze]: DefId(0:3393 ~ c2rust_port[716c]::src::csp_buffer::{impl#6})
[DEBUG @ c2rust-analyze/src/analyze.rs:605 @ c2rust_analyze::analyze]: DefId(0:3394 ~ c2rust_port[716c]::src::csp_buffer::{impl#7})
[DEBUG @ c2rust-analyze/src/analyze.rs:605 @ c2rust_analyze::analyze]: DefId(0:494 ~ c2rust_port[716c]::src::csp_buffer::CSP_BUFFER_SIZE)
[DEBUG @ c2rust-analyze/src/analyze.rs:605 @ c2rust_analyze::analyze]: DefId(0:495 ~ c2rust_port[716c]::src::csp_buffer::CSP_BUFFER_COUNT)
[DEBUG @ c2rust-analyze/src/analyze.rs:605 @ c2rust_analyze::analyze]: DefId(0:496 ~ c2rust_port[716c]::src::csp_buffer::CSP_PACKET_PADDING_BYTES)
[DEBUG @ c2rust-analyze/src/analyze.rs:605 @ c2rust_analyze::analyze]: DefId(0:497 ~ c2rust_port[716c]::src::csp_buffer::CSP_BUFFER_RESERVED_COUNT)
[DEBUG @ c2rust-analyze/src/analyze.rs:605 @ c2rust_analyze::analyze]: DefId(0:498 ~ c2rust_port[716c]::src::csp_buffer::NULL)
[DEBUG @ c2rust-analyze/src/analyze.rs:605 @ c2rust_analyze::analyze]: DefId(0:499 ~ c2rust_port[716c]::src::csp_buffer::CSP_DBG_ERR_CORRUPT_BUFFER)
[DEBUG @ c2rust-analyze/src/analyze.rs:605 @ c2rust_analyze::analyze]: DefId(0:500 ~ c2rust_port[716c]::src::csp_buffer::CSP_DBG_ERR_ALREADY_FREE)
[DEBUG @ c2rust-analyze/src/analyze.rs:605 @ c2rust_analyze::analyze]: DefId(0:501 ~ c2rust_port[716c]::src::csp_buffer::CSP_DBG_ERR_REFCOUNT)
[DEBUG @ c2rust-analyze/src/analyze.rs:605 @ c2rust_analyze::analyze]: DefId(0:502 ~ c2rust_port[716c]::src::csp_buffer::CSP_DBG_ERR_INVALID_POINTER)
[DEBUG @ c2rust-analyze/src/analyze.rs:605 @ c2rust_analyze::analyze]: DefId(0:503 ~ c2rust_port[716c]::src::csp_buffer::csp_buffers)
[DEBUG @ c2rust-analyze/src/analyze.rs:605 @ c2rust_analyze::analyze]: DefId(0:504 ~ c2rust_port[716c]::src::csp_buffer::csp_buffer_pool)
[DEBUG @ c2rust-analyze/src/analyze.rs:605 @ c2rust_analyze::analyze]: DefId(0:509 ~ c2rust_port[716c]::src::csp_buffer::csp_buffers_queue)
[DEBUG @ c2rust-analyze/src/analyze.rs:605 @ c2rust_analyze::analyze]: DefId(0:510 ~ c2rust_port[716c]::src::csp_buffer::csp_buffer_queue_data)
[DEBUG @ c2rust-analyze/src/analyze.rs:605 @ c2rust_analyze::analyze]: DefId(0:513 ~ c2rust_port[716c]::src::csp_buffer::csp_buffer_init)
[DEBUG @ c2rust-analyze/src/analyze.rs:605 @ c2rust_analyze::analyze]: DefId(0:514 ~ c2rust_port[716c]::src::csp_buffer::csp_packet_init)
[DEBUG @ c2rust-analyze/src/analyze.rs:605 @ c2rust_analyze::analyze]: DefId(0:515 ~ c2rust_port[716c]::src::csp_buffer::csp_buffer_get_actual)
[DEBUG @ c2rust-analyze/src/analyze.rs:605 @ c2rust_analyze::analyze]: DefId(0:516 ~ c2rust_port[716c]::src::csp_buffer::csp_buffer_free_isr)
[DEBUG @ c2rust-analyze/src/analyze.rs:605 @ c2rust_analyze::analyze]: DefId(0:517 ~ c2rust_port[716c]::src::csp_buffer::csp_buffer_free)
[DEBUG @ c2rust-analyze/src/analyze.rs:605 @ c2rust_analyze::analyze]: DefId(0:518 ~ c2rust_port[716c]::src::csp_buffer::csp_buffer_clone)
[DEBUG @ c2rust-analyze/src/analyze.rs:605 @ c2rust_analyze::analyze]: DefId(0:519 ~ c2rust_port[716c]::src::csp_buffer::csp_buffer_copy)
[DEBUG @ c2rust-analyze/src/analyze.rs:605 @ c2rust_analyze::analyze]: DefId(0:520 ~ c2rust_port[716c]::src::csp_buffer::csp_buffer_refc_inc)
[DEBUG @ c2rust-analyze/src/analyze.rs:605 @ c2rust_analyze::analyze]: DefId(0:521 ~ c2rust_port[716c]::src::csp_buffer::csp_buffer_remaining)
[DEBUG @ c2rust-analyze/src/analyze.rs:605 @ c2rust_analyze::analyze]: DefId(0:522 ~ c2rust_port[716c]::src::csp_buffer::csp_buffer_get_always)
[DEBUG @ c2rust-analyze/src/analyze.rs:605 @ c2rust_analyze::analyze]: DefId(0:523 ~ c2rust_port[716c]::src::csp_buffer::csp_buffer_get_always_isr)
[DEBUG @ c2rust-analyze/src/analyze.rs:605 @ c2rust_analyze::analyze]: DefId(0:524 ~ c2rust_port[716c]::src::csp_buffer::csp_buffer_get)
[DEBUG @ c2rust-analyze/src/analyze.rs:605 @ c2rust_analyze::analyze]: DefId(0:525 ~ c2rust_port[716c]::src::csp_buffer::csp_buffer_get_isr)
[DEBUG @ c2rust-analyze/src/analyze.rs:605 @ c2rust_analyze::analyze]: DefId(0:526 ~ c2rust_port[716c]::src::csp_conn)
[DEBUG @ c2rust-analyze/src/analyze.rs:605 @ c2rust_analyze::analyze]: DefId(0:527 ~ c2rust_port[716c]::src::csp_conn::{extern#0})
[DEBUG @ c2rust-analyze/src/analyze.rs:605 @ c2rust_analyze::analyze]: DefId(0:549 ~ c2rust_port[716c]::src::csp_conn::size_t)
[DEBUG @ c2rust-analyze/src/analyze.rs:605 @ c2rust_analyze::analyze]: DefId(0:550 ~ c2rust_port[716c]::src::csp_conn::__uint8_t)
[DEBUG @ c2rust-analyze/src/analyze.rs:605 @ c2rust_analyze::analyze]: DefId(0:551 ~ c2rust_port[716c]::src::csp_conn::__uint16_t)
[DEBUG @ c2rust-analyze/src/analyze.rs:605 @ c2rust_analyze::analyze]: DefId(0:552 ~ c2rust_port[716c]::src::csp_conn::__uint32_t)
[DEBUG @ c2rust-analyze/src/analyze.rs:605 @ c2rust_analyze::analyze]: DefId(0:553 ~ c2rust_port[716c]::src::csp_conn::__uint64_t)
[DEBUG @ c2rust-analyze/src/analyze.rs:605 @ c2rust_analyze::analyze]: DefId(0:554 ~ c2rust_port[716c]::src::csp_conn::uint8_t)
[DEBUG @ c2rust-analyze/src/analyze.rs:605 @ c2rust_analyze::analyze]: DefId(0:555 ~ c2rust_port[716c]::src::csp_conn::uint16_t)
[DEBUG @ c2rust-analyze/src/analyze.rs:605 @ c2rust_analyze::analyze]: DefId(0:556 ~ c2rust_port[716c]::src::csp_conn::uint32_t)
[DEBUG @ c2rust-analyze/src/analyze.rs:605 @ c2rust_analyze::analyze]: DefId(0:557 ~ c2rust_port[716c]::src::csp_conn::uint64_t)
[DEBUG @ c2rust-analyze/src/analyze.rs:605 @ c2rust_analyze::analyze]: DefId(0:558 ~ c2rust_port[716c]::src::csp_conn::atomic_int)
[DEBUG @ c2rust-analyze/src/analyze.rs:605 @ c2rust_analyze::analyze]: DefId(0:559 ~ c2rust_port[716c]::src::csp_conn::pthread_queue_t)
[DEBUG @ c2rust-analyze/src/analyze.rs:605 @ c2rust_analyze::analyze]: DefId(0:560 ~ c2rust_port[716c]::src::csp_conn::csp_queue_handle_t)
[DEBUG @ c2rust-analyze/src/analyze.rs:605 @ c2rust_analyze::analyze]: DefId(0:561 ~ c2rust_port[716c]::src::csp_conn::csp_static_queue_t)
[DEBUG @ c2rust-analyze/src/analyze.rs:605 @ c2rust_analyze::analyze]: DefId(0:3396 ~ c2rust_port[716c]::src::csp_conn::csp_id_t)
[DEBUG @ c2rust-analyze/src/analyze.rs:609 @ c2rust_analyze::analyze]: DefId(0:3397 ~ c2rust_port[716c]::src::csp_conn::csp_id_t::pri)
[DEBUG @ c2rust-analyze/src/analyze.rs:609 @ c2rust_analyze::analyze]: DefId(0:3398 ~ c2rust_port[716c]::src::csp_conn::csp_id_t::flags)
[DEBUG @ c2rust-analyze/src/analyze.rs:609 @ c2rust_analyze::analyze]: DefId(0:3399 ~ c2rust_port[716c]::src::csp_conn::csp_id_t::src)
[DEBUG @ c2rust-analyze/src/analyze.rs:609 @ c2rust_analyze::analyze]: DefId(0:3400 ~ c2rust_port[716c]::src::csp_conn::csp_id_t::dst)
[DEBUG @ c2rust-analyze/src/analyze.rs:609 @ c2rust_analyze::analyze]: DefId(0:3401 ~ c2rust_port[716c]::src::csp_conn::csp_id_t::dport)
[DEBUG @ c2rust-analyze/src/analyze.rs:609 @ c2rust_analyze::analyze]: DefId(0:3402 ~ c2rust_port[716c]::src::csp_conn::csp_id_t::sport)
[DEBUG @ c2rust-analyze/src/analyze.rs:605 @ c2rust_analyze::analyze]: DefId(0:3403 ~ c2rust_port[716c]::src::csp_conn::{impl#0})
[DEBUG @ c2rust-analyze/src/analyze.rs:605 @ c2rust_analyze::analyze]: DefId(0:3404 ~ c2rust_port[716c]::src::csp_conn::{impl#1})
[DEBUG @ c2rust-analyze/src/analyze.rs:605 @ c2rust_analyze::analyze]: DefId(0:3406 ~ c2rust_port[716c]::src::csp_conn::csp_packet_s)
[DEBUG @ c2rust-analyze/src/analyze.rs:609 @ c2rust_analyze::analyze]: DefId(0:3407 ~ c2rust_port[716c]::src::csp_conn::csp_packet_s::timestamp_tx)
[DEBUG @ c2rust-analyze/src/analyze.rs:609 @ c2rust_analyze::analyze]: DefId(0:3408 ~ c2rust_port[716c]::src::csp_conn::csp_packet_s::timestamp_rx)
[DEBUG @ c2rust-analyze/src/analyze.rs:609 @ c2rust_analyze::analyze]: DefId(0:3409 ~ c2rust_port[716c]::src::csp_conn::csp_packet_s::conn)
[DEBUG @ c2rust-analyze/src/analyze.rs:609 @ c2rust_analyze::analyze]: DefId(0:3410 ~ c2rust_port[716c]::src::csp_conn::csp_packet_s::rx_count)
[DEBUG @ c2rust-analyze/src/analyze.rs:609 @ c2rust_analyze::analyze]: DefId(0:3411 ~ c2rust_port[716c]::src::csp_conn::csp_packet_s::remain)
[DEBUG @ c2rust-analyze/src/analyze.rs:609 @ c2rust_analyze::analyze]: DefId(0:3412 ~ c2rust_port[716c]::src::csp_conn::csp_packet_s::cfpid)
[DEBUG @ c2rust-analyze/src/analyze.rs:609 @ c2rust_analyze::analyze]: DefId(0:3413 ~ c2rust_port[716c]::src::csp_conn::csp_packet_s::last_used)
[DEBUG @ c2rust-analyze/src/analyze.rs:609 @ c2rust_analyze::analyze]: DefId(0:3414 ~ c2rust_port[716c]::src::csp_conn::csp_packet_s::frame_begin)
[DEBUG @ c2rust-analyze/src/analyze.rs:609 @ c2rust_analyze::analyze]: DefId(0:3415 ~ c2rust_port[716c]::src::csp_conn::csp_packet_s::frame_length)
[DEBUG @ c2rust-analyze/src/analyze.rs:609 @ c2rust_analyze::analyze]: DefId(0:3416 ~ c2rust_port[716c]::src::csp_conn::csp_packet_s::length)
[DEBUG @ c2rust-analyze/src/analyze.rs:609 @ c2rust_analyze::analyze]: DefId(0:3417 ~ c2rust_port[716c]::src::csp_conn::csp_packet_s::id)
[DEBUG @ c2rust-analyze/src/analyze.rs:609 @ c2rust_analyze::analyze]: DefId(0:3418 ~ c2rust_port[716c]::src::csp_conn::csp_packet_s::next)
[DEBUG @ c2rust-analyze/src/analyze.rs:609 @ c2rust_analyze::analyze]: DefId(0:3419 ~ c2rust_port[716c]::src::csp_conn::csp_packet_s::header)
[DEBUG @ c2rust-analyze/src/analyze.rs:609 @ c2rust_analyze::analyze]: DefId(0:3421 ~ c2rust_port[716c]::src::csp_conn::csp_packet_s::c2rust_unnamed)
[DEBUG @ c2rust-analyze/src/analyze.rs:605 @ c2rust_analyze::analyze]: DefId(0:3422 ~ c2rust_port[716c]::src::csp_conn::{impl#2})
[DEBUG @ c2rust-analyze/src/analyze.rs:605 @ c2rust_analyze::analyze]: DefId(0:3423 ~ c2rust_port[716c]::src::csp_conn::{impl#3})
[DEBUG @ c2rust-analyze/src/analyze.rs:605 @ c2rust_analyze::analyze]: DefId(0:3426 ~ c2rust_port[716c]::src::csp_conn::C2RustUnnamed)
[DEBUG @ c2rust-analyze/src/analyze.rs:605 @ c2rust_analyze::analyze]: DefId(0:3433 ~ c2rust_port[716c]::src::csp_conn::{impl#4})
[DEBUG @ c2rust-analyze/src/analyze.rs:605 @ c2rust_analyze::analyze]: DefId(0:3434 ~ c2rust_port[716c]::src::csp_conn::{impl#5})
[DEBUG @ c2rust-analyze/src/analyze.rs:605 @ c2rust_analyze::analyze]: DefId(0:3436 ~ c2rust_port[716c]::src::csp_conn::csp_conn_s)
[DEBUG @ c2rust-analyze/src/analyze.rs:609 @ c2rust_analyze::analyze]: DefId(0:3437 ~ c2rust_port[716c]::src::csp_conn::csp_conn_s::type_0)
[DEBUG @ c2rust-analyze/src/analyze.rs:609 @ c2rust_analyze::analyze]: DefId(0:3438 ~ c2rust_port[716c]::src::csp_conn::csp_conn_s::state)
[DEBUG @ c2rust-analyze/src/analyze.rs:609 @ c2rust_analyze::analyze]: DefId(0:3439 ~ c2rust_port[716c]::src::csp_conn::csp_conn_s::idin)
[DEBUG @ c2rust-analyze/src/analyze.rs:609 @ c2rust_analyze::analyze]: DefId(0:3440 ~ c2rust_port[716c]::src::csp_conn::csp_conn_s::idout)
[DEBUG @ c2rust-analyze/src/analyze.rs:609 @ c2rust_analyze::analyze]: DefId(0:3441 ~ c2rust_port[716c]::src::csp_conn::csp_conn_s::sport_outgoing)
[DEBUG @ c2rust-analyze/src/analyze.rs:609 @ c2rust_analyze::analyze]: DefId(0:3442 ~ c2rust_port[716c]::src::csp_conn::csp_conn_s::rx_queue)
[DEBUG @ c2rust-analyze/src/analyze.rs:609 @ c2rust_analyze::analyze]: DefId(0:3443 ~ c2rust_port[716c]::src::csp_conn::csp_conn_s::rx_queue_static)
[DEBUG @ c2rust-analyze/src/analyze.rs:609 @ c2rust_analyze::analyze]: DefId(0:3444 ~ c2rust_port[716c]::src::csp_conn::csp_conn_s::rx_queue_static_data)
[DEBUG @ c2rust-analyze/src/analyze.rs:609 @ c2rust_analyze::analyze]: DefId(0:3446 ~ c2rust_port[716c]::src::csp_conn::csp_conn_s::callback)
[DEBUG @ c2rust-analyze/src/analyze.rs:609 @ c2rust_analyze::analyze]: DefId(0:3447 ~ c2rust_port[716c]::src::csp_conn::csp_conn_s::dest_socket)
[DEBUG @ c2rust-analyze/src/analyze.rs:609 @ c2rust_analyze::analyze]: DefId(0:3448 ~ c2rust_port[716c]::src::csp_conn::csp_conn_s::timestamp)
[DEBUG @ c2rust-analyze/src/analyze.rs:609 @ c2rust_analyze::analyze]: DefId(0:3449 ~ c2rust_port[716c]::src::csp_conn::csp_conn_s::opts)
[DEBUG @ c2rust-analyze/src/analyze.rs:609 @ c2rust_analyze::analyze]: DefId(0:3450 ~ c2rust_port[716c]::src::csp_conn::csp_conn_s::rdp)
[DEBUG @ c2rust-analyze/src/analyze.rs:605 @ c2rust_analyze::analyze]: DefId(0:3451 ~ c2rust_port[716c]::src::csp_conn::{impl#6})
[DEBUG @ c2rust-analyze/src/analyze.rs:605 @ c2rust_analyze::analyze]: DefId(0:3452 ~ c2rust_port[716c]::src::csp_conn::{impl#7})
[DEBUG @ c2rust-analyze/src/analyze.rs:605 @ c2rust_analyze::analyze]: DefId(0:3455 ~ c2rust_port[716c]::src::csp_conn::csp_rdp_t)
[DEBUG @ c2rust-analyze/src/analyze.rs:609 @ c2rust_analyze::analyze]: DefId(0:3456 ~ c2rust_port[716c]::src::csp_conn::csp_rdp_t::state)
[DEBUG @ c2rust-analyze/src/analyze.rs:609 @ c2rust_analyze::analyze]: DefId(0:3457 ~ c2rust_port[716c]::src::csp_conn::csp_rdp_t::closed_by)
[DEBUG @ c2rust-analyze/src/analyze.rs:609 @ c2rust_analyze::analyze]: DefId(0:3458 ~ c2rust_port[716c]::src::csp_conn::csp_rdp_t::snd_nxt)
[DEBUG @ c2rust-analyze/src/analyze.rs:609 @ c2rust_analyze::analyze]: DefId(0:3459 ~ c2rust_port[716c]::src::csp_conn::csp_rdp_t::snd_una)
[DEBUG @ c2rust-analyze/src/analyze.rs:609 @ c2rust_analyze::analyze]: DefId(0:3460 ~ c2rust_port[716c]::src::csp_conn::csp_rdp_t::snd_iss)
[DEBUG @ c2rust-analyze/src/analyze.rs:609 @ c2rust_analyze::analyze]: DefId(0:3461 ~ c2rust_port[716c]::src::csp_conn::csp_rdp_t::rcv_cur)
[DEBUG @ c2rust-analyze/src/analyze.rs:609 @ c2rust_analyze::analyze]: DefId(0:3462 ~ c2rust_port[716c]::src::csp_conn::csp_rdp_t::rcv_irs)
[DEBUG @ c2rust-analyze/src/analyze.rs:609 @ c2rust_analyze::analyze]: DefId(0:3463 ~ c2rust_port[716c]::src::csp_conn::csp_rdp_t::rcv_lsa)
[DEBUG @ c2rust-analyze/src/analyze.rs:609 @ c2rust_analyze::analyze]: DefId(0:3464 ~ c2rust_port[716c]::src::csp_conn::csp_rdp_t::window_size)
[DEBUG @ c2rust-analyze/src/analyze.rs:609 @ c2rust_analyze::analyze]: DefId(0:3465 ~ c2rust_port[716c]::src::csp_conn::csp_rdp_t::conn_timeout)
[DEBUG @ c2rust-analyze/src/analyze.rs:609 @ c2rust_analyze::analyze]: DefId(0:3466 ~ c2rust_port[716c]::src::csp_conn::csp_rdp_t::packet_timeout)
[DEBUG @ c2rust-analyze/src/analyze.rs:609 @ c2rust_analyze::analyze]: DefId(0:3467 ~ c2rust_port[716c]::src::csp_conn::csp_rdp_t::delayed_acks)
[DEBUG @ c2rust-analyze/src/analyze.rs:609 @ c2rust_analyze::analyze]: DefId(0:3468 ~ c2rust_port[716c]::src::csp_conn::csp_rdp_t::ack_timeout)
[DEBUG @ c2rust-analyze/src/analyze.rs:609 @ c2rust_analyze::analyze]: DefId(0:3469 ~ c2rust_port[716c]::src::csp_conn::csp_rdp_t::ack_delay_count)
[DEBUG @ c2rust-analyze/src/analyze.rs:609 @ c2rust_analyze::analyze]: DefId(0:3470 ~ c2rust_port[716c]::src::csp_conn::csp_rdp_t::ack_timestamp)
[DEBUG @ c2rust-analyze/src/analyze.rs:609 @ c2rust_analyze::analyze]: DefId(0:3471 ~ c2rust_port[716c]::src::csp_conn::csp_rdp_t::retransmits)
[DEBUG @ c2rust-analyze/src/analyze.rs:609 @ c2rust_analyze::analyze]: DefId(0:3472 ~ c2rust_port[716c]::src::csp_conn::csp_rdp_t::tx_wait)
[DEBUG @ c2rust-analyze/src/analyze.rs:605 @ c2rust_analyze::analyze]: DefId(0:3473 ~ c2rust_port[716c]::src::csp_conn::{impl#8})
[DEBUG @ c2rust-analyze/src/analyze.rs:605 @ c2rust_analyze::analyze]: DefId(0:3474 ~ c2rust_port[716c]::src::csp_conn::{impl#9})
[DEBUG @ c2rust-analyze/src/analyze.rs:605 @ c2rust_analyze::analyze]: DefId(0:562 ~ c2rust_port[716c]::src::csp_conn::sem_t)
[DEBUG @ c2rust-analyze/src/analyze.rs:605 @ c2rust_analyze::analyze]: DefId(0:3476 ~ c2rust_port[716c]::src::csp_conn::csp_bin_sem_t)
[DEBUG @ c2rust-analyze/src/analyze.rs:605 @ c2rust_analyze::analyze]: DefId(0:3480 ~ c2rust_port[716c]::src::csp_conn::{impl#10})
[DEBUG @ c2rust-analyze/src/analyze.rs:605 @ c2rust_analyze::analyze]: DefId(0:3481 ~ c2rust_port[716c]::src::csp_conn::{impl#11})
[DEBUG @ c2rust-analyze/src/analyze.rs:605 @ c2rust_analyze::analyze]: DefId(0:563 ~ c2rust_port[716c]::src::csp_conn::csp_rdp_state_t)
[DEBUG @ c2rust-analyze/src/analyze.rs:605 @ c2rust_analyze::analyze]: DefId(0:564 ~ c2rust_port[716c]::src::csp_conn::RDP_CLOSE_WAIT)
[DEBUG @ c2rust-analyze/src/analyze.rs:605 @ c2rust_analyze::analyze]: DefId(0:565 ~ c2rust_port[716c]::src::csp_conn::RDP_OPEN)
[DEBUG @ c2rust-analyze/src/analyze.rs:605 @ c2rust_analyze::analyze]: DefId(0:566 ~ c2rust_port[716c]::src::csp_conn::RDP_SYN_RCVD)
[DEBUG @ c2rust-analyze/src/analyze.rs:605 @ c2rust_analyze::analyze]: DefId(0:567 ~ c2rust_port[716c]::src::csp_conn::RDP_SYN_SENT)
[DEBUG @ c2rust-analyze/src/analyze.rs:605 @ c2rust_analyze::analyze]: DefId(0:568 ~ c2rust_port[716c]::src::csp_conn::RDP_CLOSED)
[DEBUG @ c2rust-analyze/src/analyze.rs:605 @ c2rust_analyze::analyze]: DefId(0:569 ~ c2rust_port[716c]::src::csp_conn::csp_socket_t)
[DEBUG @ c2rust-analyze/src/analyze.rs:605 @ c2rust_analyze::analyze]: DefId(0:3483 ~ c2rust_port[716c]::src::csp_conn::csp_socket_s)
[DEBUG @ c2rust-analyze/src/analyze.rs:609 @ c2rust_analyze::analyze]: DefId(0:3484 ~ c2rust_port[716c]::src::csp_conn::csp_socket_s::rx_queue)
[DEBUG @ c2rust-analyze/src/analyze.rs:609 @ c2rust_analyze::analyze]: DefId(0:3485 ~ c2rust_port[716c]::src::csp_conn::csp_socket_s::rx_queue_static)
[DEBUG @ c2rust-analyze/src/analyze.rs:609 @ c2rust_analyze::analyze]: DefId(0:3486 ~ c2rust_port[716c]::src::csp_conn::csp_socket_s::rx_queue_static_data)
[DEBUG @ c2rust-analyze/src/analyze.rs:609 @ c2rust_analyze::analyze]: DefId(0:3488 ~ c2rust_port[716c]::src::csp_conn::csp_socket_s::opts)
[DEBUG @ c2rust-analyze/src/analyze.rs:605 @ c2rust_analyze::analyze]: DefId(0:3489 ~ c2rust_port[716c]::src::csp_conn::{impl#12})
[DEBUG @ c2rust-analyze/src/analyze.rs:605 @ c2rust_analyze::analyze]: DefId(0:3490 ~ c2rust_port[716c]::src::csp_conn::{impl#13})
[DEBUG @ c2rust-analyze/src/analyze.rs:605 @ c2rust_analyze::analyze]: DefId(0:570 ~ c2rust_port[716c]::src::csp_conn::csp_packet_t)
[DEBUG @ c2rust-analyze/src/analyze.rs:605 @ c2rust_analyze::analyze]: DefId(0:571 ~ c2rust_port[716c]::src::csp_conn::csp_conn_t)
[DEBUG @ c2rust-analyze/src/analyze.rs:605 @ c2rust_analyze::analyze]: DefId(0:3493 ~ c2rust_port[716c]::src::csp_conn::csp_conf_s)
[DEBUG @ c2rust-analyze/src/analyze.rs:609 @ c2rust_analyze::analyze]: DefId(0:3494 ~ c2rust_port[716c]::src::csp_conn::csp_conf_s::version)
[DEBUG @ c2rust-analyze/src/analyze.rs:609 @ c2rust_analyze::analyze]: DefId(0:3495 ~ c2rust_port[716c]::src::csp_conn::csp_conf_s::hostname)
[DEBUG @ c2rust-analyze/src/analyze.rs:609 @ c2rust_analyze::analyze]: DefId(0:3496 ~ c2rust_port[716c]::src::csp_conn::csp_conf_s::model)
[DEBUG @ c2rust-analyze/src/analyze.rs:609 @ c2rust_analyze::analyze]: DefId(0:3497 ~ c2rust_port[716c]::src::csp_conn::csp_conf_s::revision)
[DEBUG @ c2rust-analyze/src/analyze.rs:609 @ c2rust_analyze::analyze]: DefId(0:3498 ~ c2rust_port[716c]::src::csp_conn::csp_conf_s::conn_dfl_so)
[DEBUG @ c2rust-analyze/src/analyze.rs:609 @ c2rust_analyze::analyze]: DefId(0:3499 ~ c2rust_port[716c]::src::csp_conn::csp_conf_s::dedup)
[DEBUG @ c2rust-analyze/src/analyze.rs:605 @ c2rust_analyze::analyze]: DefId(0:3500 ~ c2rust_port[716c]::src::csp_conn::{impl#14})
[DEBUG @ c2rust-analyze/src/analyze.rs:605 @ c2rust_analyze::analyze]: DefId(0:3501 ~ c2rust_port[716c]::src::csp_conn::{impl#15})
[DEBUG @ c2rust-analyze/src/analyze.rs:605 @ c2rust_analyze::analyze]: DefId(0:572 ~ c2rust_port[716c]::src::csp_conn::csp_conf_t)
[DEBUG @ c2rust-analyze/src/analyze.rs:605 @ c2rust_analyze::analyze]: DefId(0:573 ~ c2rust_port[716c]::src::csp_conn::csp_conn_type_t)
[DEBUG @ c2rust-analyze/src/analyze.rs:605 @ c2rust_analyze::analyze]: DefId(0:574 ~ c2rust_port[716c]::src::csp_conn::CONN_SERVER)
[DEBUG @ c2rust-analyze/src/analyze.rs:605 @ c2rust_analyze::analyze]: DefId(0:575 ~ c2rust_port[716c]::src::csp_conn::CONN_CLIENT)
[DEBUG @ c2rust-analyze/src/analyze.rs:605 @ c2rust_analyze::analyze]: DefId(0:576 ~ c2rust_port[716c]::src::csp_conn::CONN_OPEN)
[DEBUG @ c2rust-analyze/src/analyze.rs:605 @ c2rust_analyze::analyze]: DefId(0:577 ~ c2rust_port[716c]::src::csp_conn::CONN_CLOSED)
[DEBUG @ c2rust-analyze/src/analyze.rs:605 @ c2rust_analyze::analyze]: DefId(0:578 ~ c2rust_port[716c]::src::csp_conn::C2RustUnnamed_0)
[DEBUG @ c2rust-analyze/src/analyze.rs:605 @ c2rust_analyze::analyze]: DefId(0:579 ~ c2rust_port[716c]::src::csp_conn::CSP_ERR_NONE)
[DEBUG @ c2rust-analyze/src/analyze.rs:605 @ c2rust_analyze::analyze]: DefId(0:580 ~ c2rust_port[716c]::src::csp_conn::CSP_ERR_NOMEM)
[DEBUG @ c2rust-analyze/src/analyze.rs:605 @ c2rust_analyze::analyze]: DefId(0:581 ~ c2rust_port[716c]::src::csp_conn::CSP_ERR_INVAL)
[DEBUG @ c2rust-analyze/src/analyze.rs:605 @ c2rust_analyze::analyze]: DefId(0:582 ~ c2rust_port[716c]::src::csp_conn::CSP_ERR_AGAIN)
[DEBUG @ c2rust-analyze/src/analyze.rs:605 @ c2rust_analyze::analyze]: DefId(0:583 ~ c2rust_port[716c]::src::csp_conn::true_0)
[DEBUG @ c2rust-analyze/src/analyze.rs:605 @ c2rust_analyze::analyze]: DefId(0:584 ~ c2rust_port[716c]::src::csp_conn::CSP_DBG_ERR_ALREADY_CLOSED)
[DEBUG @ c2rust-analyze/src/analyze.rs:605 @ c2rust_analyze::analyze]: DefId(0:585 ~ c2rust_port[716c]::src::csp_conn::CSP_PORT_MAX_BIND)
[DEBUG @ c2rust-analyze/src/analyze.rs:605 @ c2rust_analyze::analyze]: DefId(0:586 ~ c2rust_port[716c]::src::csp_conn::CSP_CONN_RXQUEUE_LEN)
[DEBUG @ c2rust-analyze/src/analyze.rs:605 @ c2rust_analyze::analyze]: DefId(0:587 ~ c2rust_port[716c]::src::csp_conn::CSP_CONN_MAX)
[DEBUG @ c2rust-analyze/src/analyze.rs:605 @ c2rust_analyze::analyze]: DefId(0:588 ~ c2rust_port[716c]::src::csp_conn::CSP_QUEUE_OK)
[DEBUG @ c2rust-analyze/src/analyze.rs:605 @ c2rust_analyze::analyze]: DefId(0:589 ~ c2rust_port[716c]::src::csp_conn::CSP_FHMAC)
[DEBUG @ c2rust-analyze/src/analyze.rs:605 @ c2rust_analyze::analyze]: DefId(0:590 ~ c2rust_port[716c]::src::csp_conn::CSP_FRDP)
[DEBUG @ c2rust-analyze/src/analyze.rs:605 @ c2rust_analyze::analyze]: DefId(0:591 ~ c2rust_port[716c]::src::csp_conn::CSP_FCRC32)
[DEBUG @ c2rust-analyze/src/analyze.rs:605 @ c2rust_analyze::analyze]: DefId(0:592 ~ c2rust_port[716c]::src::csp_conn::CSP_SO_RDPREQ)
[DEBUG @ c2rust-analyze/src/analyze.rs:605 @ c2rust_analyze::analyze]: DefId(0:593 ~ c2rust_port[716c]::src::csp_conn::CSP_SO_HMACREQ)
[DEBUG @ c2rust-analyze/src/analyze.rs:605 @ c2rust_analyze::analyze]: DefId(0:594 ~ c2rust_port[716c]::src::csp_conn::CSP_SO_CRC32REQ)
[DEBUG @ c2rust-analyze/src/analyze.rs:605 @ c2rust_analyze::analyze]: DefId(0:595 ~ c2rust_port[716c]::src::csp_conn::CSP_SO_CRC32PROHIB)
[DEBUG @ c2rust-analyze/src/analyze.rs:605 @ c2rust_analyze::analyze]: DefId(0:596 ~ c2rust_port[716c]::src::csp_conn::CSP_O_RDP)
[DEBUG @ c2rust-analyze/src/analyze.rs:605 @ c2rust_analyze::analyze]: DefId(0:597 ~ c2rust_port[716c]::src::csp_conn::CSP_O_HMAC)
[DEBUG @ c2rust-analyze/src/analyze.rs:605 @ c2rust_analyze::analyze]: DefId(0:598 ~ c2rust_port[716c]::src::csp_conn::CSP_O_CRC32)
[DEBUG @ c2rust-analyze/src/analyze.rs:605 @ c2rust_analyze::analyze]: DefId(0:599 ~ c2rust_port[716c]::src::csp_conn::CSP_O_NOCRC32)
[DEBUG @ c2rust-analyze/src/analyze.rs:605 @ c2rust_analyze::analyze]: DefId(0:600 ~ c2rust_port[716c]::src::csp_conn::CSP_RDP_CLOSED_BY_USERSPACE)
[DEBUG @ c2rust-analyze/src/analyze.rs:605 @ c2rust_analyze::analyze]: DefId(0:601 ~ c2rust_port[716c]::src::csp_conn::CONN_ZERO_ID)
[DEBUG @ c2rust-analyze/src/analyze.rs:605 @ c2rust_analyze::analyze]: DefId(0:602 ~ c2rust_port[716c]::src::csp_conn::CONN_ZERO_RDP)
[DEBUG @ c2rust-analyze/src/analyze.rs:605 @ c2rust_analyze::analyze]: DefId(0:604 ~ c2rust_port[716c]::src::csp_conn::CONN_ZERO)
[DEBUG @ c2rust-analyze/src/analyze.rs:605 @ c2rust_analyze::analyze]: DefId(0:606 ~ c2rust_port[716c]::src::csp_conn::arr_conn)
[DEBUG @ c2rust-analyze/src/analyze.rs:605 @ c2rust_analyze::analyze]: DefId(0:609 ~ c2rust_port[716c]::src::csp_conn::csp_conn_last_given)
[DEBUG @ c2rust-analyze/src/analyze.rs:605 @ c2rust_analyze::analyze]: DefId(0:610 ~ c2rust_port[716c]::src::csp_conn::csp_conn_check_timeouts)
[DEBUG @ c2rust-analyze/src/analyze.rs:605 @ c2rust_analyze::analyze]: DefId(0:611 ~ c2rust_port[716c]::src::csp_conn::csp_conn_enqueue_packet)
[DEBUG @ c2rust-analyze/src/analyze.rs:605 @ c2rust_analyze::analyze]: DefId(0:612 ~ c2rust_port[716c]::src::csp_conn::csp_conn_init)
[DEBUG @ c2rust-analyze/src/analyze.rs:605 @ c2rust_analyze::analyze]: DefId(0:613 ~ c2rust_port[716c]::src::csp_conn::csp_conn_find_dport)
[DEBUG @ c2rust-analyze/src/analyze.rs:605 @ c2rust_analyze::analyze]: DefId(0:614 ~ c2rust_port[716c]::src::csp_conn::csp_conn_find_existing)
[DEBUG @ c2rust-analyze/src/analyze.rs:605 @ c2rust_analyze::analyze]: DefId(0:615 ~ c2rust_port[716c]::src::csp_conn::csp_conn_flush_rx_queue)
[DEBUG @ c2rust-analyze/src/analyze.rs:605 @ c2rust_analyze::analyze]: DefId(0:616 ~ c2rust_port[716c]::src::csp_conn::csp_conn_allocate)
[DEBUG @ c2rust-analyze/src/analyze.rs:605 @ c2rust_analyze::analyze]: DefId(0:617 ~ c2rust_port[716c]::src::csp_conn::csp_conn_new)
[DEBUG @ c2rust-analyze/src/analyze.rs:605 @ c2rust_analyze::analyze]: DefId(0:618 ~ c2rust_port[716c]::src::csp_conn::csp_close)
[DEBUG @ c2rust-analyze/src/analyze.rs:605 @ c2rust_analyze::analyze]: DefId(0:619 ~ c2rust_port[716c]::src::csp_conn::csp_conn_close)
[DEBUG @ c2rust-analyze/src/analyze.rs:605 @ c2rust_analyze::analyze]: DefId(0:620 ~ c2rust_port[716c]::src::csp_conn::csp_connect)
[DEBUG @ c2rust-analyze/src/analyze.rs:605 @ c2rust_analyze::analyze]: DefId(0:621 ~ c2rust_port[716c]::src::csp_conn::csp_conn_dport)
[DEBUG @ c2rust-analyze/src/analyze.rs:605 @ c2rust_analyze::analyze]: DefId(0:622 ~ c2rust_port[716c]::src::csp_conn::csp_conn_sport)
[DEBUG @ c2rust-analyze/src/analyze.rs:605 @ c2rust_analyze::analyze]: DefId(0:623 ~ c2rust_port[716c]::src::csp_conn::csp_conn_dst)
[DEBUG @ c2rust-analyze/src/analyze.rs:605 @ c2rust_analyze::analyze]: DefId(0:624 ~ c2rust_port[716c]::src::csp_conn::csp_conn_src)
[DEBUG @ c2rust-analyze/src/analyze.rs:605 @ c2rust_analyze::analyze]: DefId(0:625 ~ c2rust_port[716c]::src::csp_conn::csp_conn_flags)
[DEBUG @ c2rust-analyze/src/analyze.rs:605 @ c2rust_analyze::analyze]: DefId(0:626 ~ c2rust_port[716c]::src::csp_conn::csp_conn_print_table)
[DEBUG @ c2rust-analyze/src/analyze.rs:605 @ c2rust_analyze::analyze]: DefId(0:627 ~ c2rust_port[716c]::src::csp_conn::csp_conn_print_table_str)
[DEBUG @ c2rust-analyze/src/analyze.rs:605 @ c2rust_analyze::analyze]: DefId(0:631 ~ c2rust_port[716c]::src::csp_conn::csp_conn_get_array)
[DEBUG @ c2rust-analyze/src/analyze.rs:605 @ c2rust_analyze::analyze]: DefId(0:632 ~ c2rust_port[716c]::src::csp_conn::csp_conn_is_active)
[DEBUG @ c2rust-analyze/src/analyze.rs:605 @ c2rust_analyze::analyze]: DefId(0:633 ~ c2rust_port[716c]::src::csp_conn::__ATOMIC_SEQ_CST)
[DEBUG @ c2rust-analyze/src/analyze.rs:605 @ c2rust_analyze::analyze]: DefId(0:634 ~ c2rust_port[716c]::src::csp_conn::NULL)
[DEBUG @ c2rust-analyze/src/analyze.rs:605 @ c2rust_analyze::analyze]: DefId(0:635 ~ c2rust_port[716c]::src::csp_crc32)
[DEBUG @ c2rust-analyze/src/analyze.rs:605 @ c2rust_analyze::analyze]: DefId(0:636 ~ c2rust_port[716c]::src::csp_crc32::{extern#0})
[DEBUG @ c2rust-analyze/src/analyze.rs:605 @ c2rust_analyze::analyze]: DefId(0:641 ~ c2rust_port[716c]::src::csp_crc32::__uint8_t)
[DEBUG @ c2rust-analyze/src/analyze.rs:605 @ c2rust_analyze::analyze]: DefId(0:642 ~ c2rust_port[716c]::src::csp_crc32::__uint16_t)
[DEBUG @ c2rust-analyze/src/analyze.rs:605 @ c2rust_analyze::analyze]: DefId(0:643 ~ c2rust_port[716c]::src::csp_crc32::__uint32_t)
[DEBUG @ c2rust-analyze/src/analyze.rs:605 @ c2rust_analyze::analyze]: DefId(0:644 ~ c2rust_port[716c]::src::csp_crc32::__uint64_t)
[DEBUG @ c2rust-analyze/src/analyze.rs:605 @ c2rust_analyze::analyze]: DefId(0:645 ~ c2rust_port[716c]::src::csp_crc32::uint8_t)
[DEBUG @ c2rust-analyze/src/analyze.rs:605 @ c2rust_analyze::analyze]: DefId(0:646 ~ c2rust_port[716c]::src::csp_crc32::uint16_t)
[DEBUG @ c2rust-analyze/src/analyze.rs:605 @ c2rust_analyze::analyze]: DefId(0:647 ~ c2rust_port[716c]::src::csp_crc32::uint32_t)
[DEBUG @ c2rust-analyze/src/analyze.rs:605 @ c2rust_analyze::analyze]: DefId(0:648 ~ c2rust_port[716c]::src::csp_crc32::uint64_t)
[DEBUG @ c2rust-analyze/src/analyze.rs:605 @ c2rust_analyze::analyze]: DefId(0:649 ~ c2rust_port[716c]::src::csp_crc32::size_t)
[DEBUG @ c2rust-analyze/src/analyze.rs:605 @ c2rust_analyze::analyze]: DefId(0:3503 ~ c2rust_port[716c]::src::csp_crc32::csp_id_t)
[DEBUG @ c2rust-analyze/src/analyze.rs:609 @ c2rust_analyze::analyze]: DefId(0:3504 ~ c2rust_port[716c]::src::csp_crc32::csp_id_t::pri)
[DEBUG @ c2rust-analyze/src/analyze.rs:609 @ c2rust_analyze::analyze]: DefId(0:3505 ~ c2rust_port[716c]::src::csp_crc32::csp_id_t::flags)
[DEBUG @ c2rust-analyze/src/analyze.rs:609 @ c2rust_analyze::analyze]: DefId(0:3506 ~ c2rust_port[716c]::src::csp_crc32::csp_id_t::src)
[DEBUG @ c2rust-analyze/src/analyze.rs:609 @ c2rust_analyze::analyze]: DefId(0:3507 ~ c2rust_port[716c]::src::csp_crc32::csp_id_t::dst)
[DEBUG @ c2rust-analyze/src/analyze.rs:609 @ c2rust_analyze::analyze]: DefId(0:3508 ~ c2rust_port[716c]::src::csp_crc32::csp_id_t::dport)
[DEBUG @ c2rust-analyze/src/analyze.rs:609 @ c2rust_analyze::analyze]: DefId(0:3509 ~ c2rust_port[716c]::src::csp_crc32::csp_id_t::sport)
[DEBUG @ c2rust-analyze/src/analyze.rs:605 @ c2rust_analyze::analyze]: DefId(0:3510 ~ c2rust_port[716c]::src::csp_crc32::{impl#0})
[DEBUG @ c2rust-analyze/src/analyze.rs:605 @ c2rust_analyze::analyze]: DefId(0:3511 ~ c2rust_port[716c]::src::csp_crc32::{impl#1})
[DEBUG @ c2rust-analyze/src/analyze.rs:605 @ c2rust_analyze::analyze]: DefId(0:3513 ~ c2rust_port[716c]::src::csp_crc32::csp_packet_s)
[DEBUG @ c2rust-analyze/src/analyze.rs:609 @ c2rust_analyze::analyze]: DefId(0:3514 ~ c2rust_port[716c]::src::csp_crc32::csp_packet_s::timestamp_tx)
[DEBUG @ c2rust-analyze/src/analyze.rs:609 @ c2rust_analyze::analyze]: DefId(0:3515 ~ c2rust_port[716c]::src::csp_crc32::csp_packet_s::timestamp_rx)
[DEBUG @ c2rust-analyze/src/analyze.rs:609 @ c2rust_analyze::analyze]: DefId(0:3516 ~ c2rust_port[716c]::src::csp_crc32::csp_packet_s::conn)
[DEBUG @ c2rust-analyze/src/analyze.rs:609 @ c2rust_analyze::analyze]: DefId(0:3517 ~ c2rust_port[716c]::src::csp_crc32::csp_packet_s::rx_count)
[DEBUG @ c2rust-analyze/src/analyze.rs:609 @ c2rust_analyze::analyze]: DefId(0:3518 ~ c2rust_port[716c]::src::csp_crc32::csp_packet_s::remain)
[DEBUG @ c2rust-analyze/src/analyze.rs:609 @ c2rust_analyze::analyze]: DefId(0:3519 ~ c2rust_port[716c]::src::csp_crc32::csp_packet_s::cfpid)
[DEBUG @ c2rust-analyze/src/analyze.rs:609 @ c2rust_analyze::analyze]: DefId(0:3520 ~ c2rust_port[716c]::src::csp_crc32::csp_packet_s::last_used)
[DEBUG @ c2rust-analyze/src/analyze.rs:609 @ c2rust_analyze::analyze]: DefId(0:3521 ~ c2rust_port[716c]::src::csp_crc32::csp_packet_s::frame_begin)
[DEBUG @ c2rust-analyze/src/analyze.rs:609 @ c2rust_analyze::analyze]: DefId(0:3522 ~ c2rust_port[716c]::src::csp_crc32::csp_packet_s::frame_length)
[DEBUG @ c2rust-analyze/src/analyze.rs:609 @ c2rust_analyze::analyze]: DefId(0:3523 ~ c2rust_port[716c]::src::csp_crc32::csp_packet_s::length)
[DEBUG @ c2rust-analyze/src/analyze.rs:609 @ c2rust_analyze::analyze]: DefId(0:3524 ~ c2rust_port[716c]::src::csp_crc32::csp_packet_s::id)
[DEBUG @ c2rust-analyze/src/analyze.rs:609 @ c2rust_analyze::analyze]: DefId(0:3525 ~ c2rust_port[716c]::src::csp_crc32::csp_packet_s::next)
[DEBUG @ c2rust-analyze/src/analyze.rs:609 @ c2rust_analyze::analyze]: DefId(0:3526 ~ c2rust_port[716c]::src::csp_crc32::csp_packet_s::header)
[DEBUG @ c2rust-analyze/src/analyze.rs:609 @ c2rust_analyze::analyze]: DefId(0:3528 ~ c2rust_port[716c]::src::csp_crc32::csp_packet_s::c2rust_unnamed)
[DEBUG @ c2rust-analyze/src/analyze.rs:605 @ c2rust_analyze::analyze]: DefId(0:3529 ~ c2rust_port[716c]::src::csp_crc32::{impl#2})
[DEBUG @ c2rust-analyze/src/analyze.rs:605 @ c2rust_analyze::analyze]: DefId(0:3530 ~ c2rust_port[716c]::src::csp_crc32::{impl#3})
[DEBUG @ c2rust-analyze/src/analyze.rs:605 @ c2rust_analyze::analyze]: DefId(0:3533 ~ c2rust_port[716c]::src::csp_crc32::C2RustUnnamed)
[DEBUG @ c2rust-analyze/src/analyze.rs:605 @ c2rust_analyze::analyze]: DefId(0:3540 ~ c2rust_port[716c]::src::csp_crc32::{impl#4})
[DEBUG @ c2rust-analyze/src/analyze.rs:605 @ c2rust_analyze::analyze]: DefId(0:3541 ~ c2rust_port[716c]::src::csp_crc32::{impl#5})
[DEBUG @ c2rust-analyze/src/analyze.rs:605 @ c2rust_analyze::analyze]: DefId(0:650 ~ c2rust_port[716c]::src::csp_crc32::csp_packet_t)
[DEBUG @ c2rust-analyze/src/analyze.rs:605 @ c2rust_analyze::analyze]: DefId(0:651 ~ c2rust_port[716c]::src::csp_crc32::csp_crc32_t)
[DEBUG @ c2rust-analyze/src/analyze.rs:605 @ c2rust_analyze::analyze]: DefId(0:652 ~ c2rust_port[716c]::src::csp_crc32::CSP_ERR_NONE)
[DEBUG @ c2rust-analyze/src/analyze.rs:605 @ c2rust_analyze::analyze]: DefId(0:653 ~ c2rust_port[716c]::src::csp_crc32::CSP_ERR_NOMEM)
[DEBUG @ c2rust-analyze/src/analyze.rs:605 @ c2rust_analyze::analyze]: DefId(0:654 ~ c2rust_port[716c]::src::csp_crc32::CSP_ERR_CRC32)
[DEBUG @ c2rust-analyze/src/analyze.rs:605 @ c2rust_analyze::analyze]: DefId(0:655 ~ c2rust_port[716c]::src::csp_crc32::__bswap_32)
[DEBUG @ c2rust-analyze/src/analyze.rs:605 @ c2rust_analyze::analyze]: DefId(0:656 ~ c2rust_port[716c]::src::csp_crc32::crc_tab)
[DEBUG @ c2rust-analyze/src/analyze.rs:605 @ c2rust_analyze::analyze]: DefId(0:658 ~ c2rust_port[716c]::src::csp_crc32::csp_crc32_init)
[DEBUG @ c2rust-analyze/src/analyze.rs:605 @ c2rust_analyze::analyze]: DefId(0:659 ~ c2rust_port[716c]::src::csp_crc32::csp_crc32_update)
[DEBUG @ c2rust-analyze/src/analyze.rs:605 @ c2rust_analyze::analyze]: DefId(0:660 ~ c2rust_port[716c]::src::csp_crc32::csp_crc32_final)
[DEBUG @ c2rust-analyze/src/analyze.rs:605 @ c2rust_analyze::analyze]: DefId(0:661 ~ c2rust_port[716c]::src::csp_crc32::csp_crc32_memory)
[DEBUG @ c2rust-analyze/src/analyze.rs:605 @ c2rust_analyze::analyze]: DefId(0:662 ~ c2rust_port[716c]::src::csp_crc32::csp_crc32_append)
[DEBUG @ c2rust-analyze/src/analyze.rs:605 @ c2rust_analyze::analyze]: DefId(0:664 ~ c2rust_port[716c]::src::csp_crc32::csp_crc32_verify)
[DEBUG @ c2rust-analyze/src/analyze.rs:605 @ c2rust_analyze::analyze]: DefId(0:665 ~ c2rust_port[716c]::src::csp_debug)
[DEBUG @ c2rust-analyze/src/analyze.rs:605 @ c2rust_analyze::analyze]: DefId(0:666 ~ c2rust_port[716c]::src::csp_debug::{extern#0})
[DEBUG @ c2rust-analyze/src/analyze.rs:605 @ c2rust_analyze::analyze]: DefId(0:668 ~ c2rust_port[716c]::src::csp_debug::__builtin_va_list)
[DEBUG @ c2rust-analyze/src/analyze.rs:605 @ c2rust_analyze::analyze]: DefId(0:3543 ~ c2rust_port[716c]::src::csp_debug::__va_list_tag)
[DEBUG @ c2rust-analyze/src/analyze.rs:609 @ c2rust_analyze::analyze]: DefId(0:3544 ~ c2rust_port[716c]::src::csp_debug::__va_list_tag::gp_offset)
[DEBUG @ c2rust-analyze/src/analyze.rs:609 @ c2rust_analyze::analyze]: DefId(0:3545 ~ c2rust_port[716c]::src::csp_debug::__va_list_tag::fp_offset)
[DEBUG @ c2rust-analyze/src/analyze.rs:609 @ c2rust_analyze::analyze]: DefId(0:3546 ~ c2rust_port[716c]::src::csp_debug::__va_list_tag::overflow_arg_area)
[DEBUG @ c2rust-analyze/src/analyze.rs:609 @ c2rust_analyze::analyze]: DefId(0:3547 ~ c2rust_port[716c]::src::csp_debug::__va_list_tag::reg_save_area)
[DEBUG @ c2rust-analyze/src/analyze.rs:605 @ c2rust_analyze::analyze]: DefId(0:3548 ~ c2rust_port[716c]::src::csp_debug::{impl#0})
[DEBUG @ c2rust-analyze/src/analyze.rs:605 @ c2rust_analyze::analyze]: DefId(0:3549 ~ c2rust_port[716c]::src::csp_debug::{impl#1})
[DEBUG @ c2rust-analyze/src/analyze.rs:605 @ c2rust_analyze::analyze]: DefId(0:670 ~ c2rust_port[716c]::src::csp_debug::__uint8_t)
[DEBUG @ c2rust-analyze/src/analyze.rs:605 @ c2rust_analyze::analyze]: DefId(0:671 ~ c2rust_port[716c]::src::csp_debug::uint8_t)
[DEBUG @ c2rust-analyze/src/analyze.rs:605 @ c2rust_analyze::analyze]: DefId(0:672 ~ c2rust_port[716c]::src::csp_debug::va_list)
[DEBUG @ c2rust-analyze/src/analyze.rs:605 @ c2rust_analyze::analyze]: DefId(0:673 ~ c2rust_port[716c]::src::csp_debug::csp_dbg_buffer_out)
[DEBUG @ c2rust-analyze/src/analyze.rs:605 @ c2rust_analyze::analyze]: DefId(0:674 ~ c2rust_port[716c]::src::csp_debug::csp_dbg_errno)
[DEBUG @ c2rust-analyze/src/analyze.rs:605 @ c2rust_analyze::analyze]: DefId(0:675 ~ c2rust_port[716c]::src::csp_debug::csp_dbg_conn_out)
[DEBUG @ c2rust-analyze/src/analyze.rs:605 @ c2rust_analyze::analyze]: DefId(0:676 ~ c2rust_port[716c]::src::csp_debug::csp_dbg_conn_ovf)
[DEBUG @ c2rust-analyze/src/analyze.rs:605 @ c2rust_analyze::analyze]: DefId(0:677 ~ c2rust_port[716c]::src::csp_debug::csp_dbg_conn_noroute)
[DEBUG @ c2rust-analyze/src/analyze.rs:605 @ c2rust_analyze::analyze]: DefId(0:678 ~ c2rust_port[716c]::src::csp_debug::csp_dbg_can_errno)
[DEBUG @ c2rust-analyze/src/analyze.rs:605 @ c2rust_analyze::analyze]: DefId(0:679 ~ c2rust_port[716c]::src::csp_debug::csp_dbg_eth_errno)
[DEBUG @ c2rust-analyze/src/analyze.rs:605 @ c2rust_analyze::analyze]: DefId(0:680 ~ c2rust_port[716c]::src::csp_debug::csp_dbg_inval_reply)
[DEBUG @ c2rust-analyze/src/analyze.rs:605 @ c2rust_analyze::analyze]: DefId(0:681 ~ c2rust_port[716c]::src::csp_debug::csp_dbg_rdp_print)
[DEBUG @ c2rust-analyze/src/analyze.rs:605 @ c2rust_analyze::analyze]: DefId(0:682 ~ c2rust_port[716c]::src::csp_debug::csp_dbg_packet_print)
[DEBUG @ c2rust-analyze/src/analyze.rs:605 @ c2rust_analyze::analyze]: DefId(0:683 ~ c2rust_port[716c]::src::csp_debug::csp_print_func)
[DEBUG @ c2rust-analyze/src/analyze.rs:605 @ c2rust_analyze::analyze]: DefId(0:684 ~ c2rust_port[716c]::src::csp_dedup)
[DEBUG @ c2rust-analyze/src/analyze.rs:605 @ c2rust_analyze::analyze]: DefId(0:685 ~ c2rust_port[716c]::src::csp_dedup::{extern#0})
[DEBUG @ c2rust-analyze/src/analyze.rs:605 @ c2rust_analyze::analyze]: DefId(0:690 ~ c2rust_port[716c]::src::csp_dedup::__uint8_t)
[DEBUG @ c2rust-analyze/src/analyze.rs:605 @ c2rust_analyze::analyze]: DefId(0:691 ~ c2rust_port[716c]::src::csp_dedup::__uint16_t)
[DEBUG @ c2rust-analyze/src/analyze.rs:605 @ c2rust_analyze::analyze]: DefId(0:692 ~ c2rust_port[716c]::src::csp_dedup::__uint32_t)
[DEBUG @ c2rust-analyze/src/analyze.rs:605 @ c2rust_analyze::analyze]: DefId(0:693 ~ c2rust_port[716c]::src::csp_dedup::__uint64_t)
[DEBUG @ c2rust-analyze/src/analyze.rs:605 @ c2rust_analyze::analyze]: DefId(0:694 ~ c2rust_port[716c]::src::csp_dedup::uint8_t)
[DEBUG @ c2rust-analyze/src/analyze.rs:605 @ c2rust_analyze::analyze]: DefId(0:695 ~ c2rust_port[716c]::src::csp_dedup::uint16_t)
[DEBUG @ c2rust-analyze/src/analyze.rs:605 @ c2rust_analyze::analyze]: DefId(0:696 ~ c2rust_port[716c]::src::csp_dedup::uint32_t)
[DEBUG @ c2rust-analyze/src/analyze.rs:605 @ c2rust_analyze::analyze]: DefId(0:697 ~ c2rust_port[716c]::src::csp_dedup::uint64_t)
[DEBUG @ c2rust-analyze/src/analyze.rs:605 @ c2rust_analyze::analyze]: DefId(0:3551 ~ c2rust_port[716c]::src::csp_dedup::csp_id_t)
[DEBUG @ c2rust-analyze/src/analyze.rs:609 @ c2rust_analyze::analyze]: DefId(0:3552 ~ c2rust_port[716c]::src::csp_dedup::csp_id_t::pri)
[DEBUG @ c2rust-analyze/src/analyze.rs:609 @ c2rust_analyze::analyze]: DefId(0:3553 ~ c2rust_port[716c]::src::csp_dedup::csp_id_t::flags)
[DEBUG @ c2rust-analyze/src/analyze.rs:609 @ c2rust_analyze::analyze]: DefId(0:3554 ~ c2rust_port[716c]::src::csp_dedup::csp_id_t::src)
[DEBUG @ c2rust-analyze/src/analyze.rs:609 @ c2rust_analyze::analyze]: DefId(0:3555 ~ c2rust_port[716c]::src::csp_dedup::csp_id_t::dst)
[DEBUG @ c2rust-analyze/src/analyze.rs:609 @ c2rust_analyze::analyze]: DefId(0:3556 ~ c2rust_port[716c]::src::csp_dedup::csp_id_t::dport)
[DEBUG @ c2rust-analyze/src/analyze.rs:609 @ c2rust_analyze::analyze]: DefId(0:3557 ~ c2rust_port[716c]::src::csp_dedup::csp_id_t::sport)
[DEBUG @ c2rust-analyze/src/analyze.rs:605 @ c2rust_analyze::analyze]: DefId(0:3558 ~ c2rust_port[716c]::src::csp_dedup::{impl#0})
[DEBUG @ c2rust-analyze/src/analyze.rs:605 @ c2rust_analyze::analyze]: DefId(0:3559 ~ c2rust_port[716c]::src::csp_dedup::{impl#1})
[DEBUG @ c2rust-analyze/src/analyze.rs:605 @ c2rust_analyze::analyze]: DefId(0:3561 ~ c2rust_port[716c]::src::csp_dedup::csp_packet_s)
[DEBUG @ c2rust-analyze/src/analyze.rs:609 @ c2rust_analyze::analyze]: DefId(0:3562 ~ c2rust_port[716c]::src::csp_dedup::csp_packet_s::timestamp_tx)
[DEBUG @ c2rust-analyze/src/analyze.rs:609 @ c2rust_analyze::analyze]: DefId(0:3563 ~ c2rust_port[716c]::src::csp_dedup::csp_packet_s::timestamp_rx)
[DEBUG @ c2rust-analyze/src/analyze.rs:609 @ c2rust_analyze::analyze]: DefId(0:3564 ~ c2rust_port[716c]::src::csp_dedup::csp_packet_s::conn)
[DEBUG @ c2rust-analyze/src/analyze.rs:609 @ c2rust_analyze::analyze]: DefId(0:3565 ~ c2rust_port[716c]::src::csp_dedup::csp_packet_s::rx_count)
[DEBUG @ c2rust-analyze/src/analyze.rs:609 @ c2rust_analyze::analyze]: DefId(0:3566 ~ c2rust_port[716c]::src::csp_dedup::csp_packet_s::remain)
[DEBUG @ c2rust-analyze/src/analyze.rs:609 @ c2rust_analyze::analyze]: DefId(0:3567 ~ c2rust_port[716c]::src::csp_dedup::csp_packet_s::cfpid)
[DEBUG @ c2rust-analyze/src/analyze.rs:609 @ c2rust_analyze::analyze]: DefId(0:3568 ~ c2rust_port[716c]::src::csp_dedup::csp_packet_s::last_used)
[DEBUG @ c2rust-analyze/src/analyze.rs:609 @ c2rust_analyze::analyze]: DefId(0:3569 ~ c2rust_port[716c]::src::csp_dedup::csp_packet_s::frame_begin)
[DEBUG @ c2rust-analyze/src/analyze.rs:609 @ c2rust_analyze::analyze]: DefId(0:3570 ~ c2rust_port[716c]::src::csp_dedup::csp_packet_s::frame_length)
[DEBUG @ c2rust-analyze/src/analyze.rs:609 @ c2rust_analyze::analyze]: DefId(0:3571 ~ c2rust_port[716c]::src::csp_dedup::csp_packet_s::length)
[DEBUG @ c2rust-analyze/src/analyze.rs:609 @ c2rust_analyze::analyze]: DefId(0:3572 ~ c2rust_port[716c]::src::csp_dedup::csp_packet_s::id)
[DEBUG @ c2rust-analyze/src/analyze.rs:609 @ c2rust_analyze::analyze]: DefId(0:3573 ~ c2rust_port[716c]::src::csp_dedup::csp_packet_s::next)
[DEBUG @ c2rust-analyze/src/analyze.rs:609 @ c2rust_analyze::analyze]: DefId(0:3574 ~ c2rust_port[716c]::src::csp_dedup::csp_packet_s::header)
[DEBUG @ c2rust-analyze/src/analyze.rs:609 @ c2rust_analyze::analyze]: DefId(0:3576 ~ c2rust_port[716c]::src::csp_dedup::csp_packet_s::c2rust_unnamed)
[DEBUG @ c2rust-analyze/src/analyze.rs:605 @ c2rust_analyze::analyze]: DefId(0:3577 ~ c2rust_port[716c]::src::csp_dedup::{impl#2})
[DEBUG @ c2rust-analyze/src/analyze.rs:605 @ c2rust_analyze::analyze]: DefId(0:3578 ~ c2rust_port[716c]::src::csp_dedup::{impl#3})
[DEBUG @ c2rust-analyze/src/analyze.rs:605 @ c2rust_analyze::analyze]: DefId(0:3581 ~ c2rust_port[716c]::src::csp_dedup::C2RustUnnamed)
[DEBUG @ c2rust-analyze/src/analyze.rs:605 @ c2rust_analyze::analyze]: DefId(0:3588 ~ c2rust_port[716c]::src::csp_dedup::{impl#4})
[DEBUG @ c2rust-analyze/src/analyze.rs:605 @ c2rust_analyze::analyze]: DefId(0:3589 ~ c2rust_port[716c]::src::csp_dedup::{impl#5})
[DEBUG @ c2rust-analyze/src/analyze.rs:605 @ c2rust_analyze::analyze]: DefId(0:698 ~ c2rust_port[716c]::src::csp_dedup::csp_packet_t)
[DEBUG @ c2rust-analyze/src/analyze.rs:605 @ c2rust_analyze::analyze]: DefId(0:699 ~ c2rust_port[716c]::src::csp_dedup::true_0)
[DEBUG @ c2rust-analyze/src/analyze.rs:605 @ c2rust_analyze::analyze]: DefId(0:700 ~ c2rust_port[716c]::src::csp_dedup::false_0)
[DEBUG @ c2rust-analyze/src/analyze.rs:605 @ c2rust_analyze::analyze]: DefId(0:701 ~ c2rust_port[716c]::src::csp_dedup::CSP_DEDUP_COUNT)
[DEBUG @ c2rust-analyze/src/analyze.rs:605 @ c2rust_analyze::analyze]: DefId(0:702 ~ c2rust_port[716c]::src::csp_dedup::CSP_DEDUP_WINDOW_MS)
[DEBUG @ c2rust-analyze/src/analyze.rs:605 @ c2rust_analyze::analyze]: DefId(0:703 ~ c2rust_port[716c]::src::csp_dedup::csp_dedup_array)
[DEBUG @ c2rust-analyze/src/analyze.rs:605 @ c2rust_analyze::analyze]: DefId(0:705 ~ c2rust_port[716c]::src::csp_dedup::csp_dedup_timestamp)
[DEBUG @ c2rust-analyze/src/analyze.rs:605 @ c2rust_analyze::analyze]: DefId(0:707 ~ c2rust_port[716c]::src::csp_dedup::csp_dedup_in)
[DEBUG @ c2rust-analyze/src/analyze.rs:605 @ c2rust_analyze::analyze]: DefId(0:708 ~ c2rust_port[716c]::src::csp_dedup::csp_dedup_is_duplicate)
[DEBUG @ c2rust-analyze/src/analyze.rs:605 @ c2rust_analyze::analyze]: DefId(0:709 ~ c2rust_port[716c]::src::csp_hex_dump)
[DEBUG @ c2rust-analyze/src/analyze.rs:605 @ c2rust_analyze::analyze]: DefId(0:710 ~ c2rust_port[716c]::src::csp_hex_dump::{extern#0})
[DEBUG @ c2rust-analyze/src/analyze.rs:605 @ c2rust_analyze::analyze]: DefId(0:712 ~ c2rust_port[716c]::src::csp_hex_dump::__uint8_t)
[DEBUG @ c2rust-analyze/src/analyze.rs:605 @ c2rust_analyze::analyze]: DefId(0:713 ~ c2rust_port[716c]::src::csp_hex_dump::uint8_t)
[DEBUG @ c2rust-analyze/src/analyze.rs:605 @ c2rust_analyze::analyze]: DefId(0:714 ~ c2rust_port[716c]::src::csp_hex_dump::NULL)
[DEBUG @ c2rust-analyze/src/analyze.rs:605 @ c2rust_analyze::analyze]: DefId(0:715 ~ c2rust_port[716c]::src::csp_hex_dump::csp_hex_dump_format)
[DEBUG @ c2rust-analyze/src/analyze.rs:605 @ c2rust_analyze::analyze]: DefId(0:718 ~ c2rust_port[716c]::src::csp_hex_dump::csp_hex_dump)
[DEBUG @ c2rust-analyze/src/analyze.rs:605 @ c2rust_analyze::analyze]: DefId(0:719 ~ c2rust_port[716c]::src::csp_id)
[DEBUG @ c2rust-analyze/src/analyze.rs:605 @ c2rust_analyze::analyze]: DefId(0:720 ~ c2rust_port[716c]::src::csp_id::{extern#0})
[DEBUG @ c2rust-analyze/src/analyze.rs:605 @ c2rust_analyze::analyze]: DefId(0:724 ~ c2rust_port[716c]::src::csp_id::__uint8_t)
[DEBUG @ c2rust-analyze/src/analyze.rs:605 @ c2rust_analyze::analyze]: DefId(0:725 ~ c2rust_port[716c]::src::csp_id::__uint16_t)
[DEBUG @ c2rust-analyze/src/analyze.rs:605 @ c2rust_analyze::analyze]: DefId(0:726 ~ c2rust_port[716c]::src::csp_id::__uint32_t)
[DEBUG @ c2rust-analyze/src/analyze.rs:605 @ c2rust_analyze::analyze]: DefId(0:727 ~ c2rust_port[716c]::src::csp_id::__uint64_t)
[DEBUG @ c2rust-analyze/src/analyze.rs:605 @ c2rust_analyze::analyze]: DefId(0:728 ~ c2rust_port[716c]::src::csp_id::size_t)
[DEBUG @ c2rust-analyze/src/analyze.rs:605 @ c2rust_analyze::analyze]: DefId(0:729 ~ c2rust_port[716c]::src::csp_id::uint8_t)
[DEBUG @ c2rust-analyze/src/analyze.rs:605 @ c2rust_analyze::analyze]: DefId(0:730 ~ c2rust_port[716c]::src::csp_id::uint16_t)
[DEBUG @ c2rust-analyze/src/analyze.rs:605 @ c2rust_analyze::analyze]: DefId(0:731 ~ c2rust_port[716c]::src::csp_id::uint32_t)
[DEBUG @ c2rust-analyze/src/analyze.rs:605 @ c2rust_analyze::analyze]: DefId(0:732 ~ c2rust_port[716c]::src::csp_id::uint64_t)
[DEBUG @ c2rust-analyze/src/analyze.rs:605 @ c2rust_analyze::analyze]: DefId(0:3591 ~ c2rust_port[716c]::src::csp_id::csp_id_t)
[DEBUG @ c2rust-analyze/src/analyze.rs:609 @ c2rust_analyze::analyze]: DefId(0:3592 ~ c2rust_port[716c]::src::csp_id::csp_id_t::pri)
[DEBUG @ c2rust-analyze/src/analyze.rs:609 @ c2rust_analyze::analyze]: DefId(0:3593 ~ c2rust_port[716c]::src::csp_id::csp_id_t::flags)
[DEBUG @ c2rust-analyze/src/analyze.rs:609 @ c2rust_analyze::analyze]: DefId(0:3594 ~ c2rust_port[716c]::src::csp_id::csp_id_t::src)
[DEBUG @ c2rust-analyze/src/analyze.rs:609 @ c2rust_analyze::analyze]: DefId(0:3595 ~ c2rust_port[716c]::src::csp_id::csp_id_t::dst)
[DEBUG @ c2rust-analyze/src/analyze.rs:609 @ c2rust_analyze::analyze]: DefId(0:3596 ~ c2rust_port[716c]::src::csp_id::csp_id_t::dport)
[DEBUG @ c2rust-analyze/src/analyze.rs:609 @ c2rust_analyze::analyze]: DefId(0:3597 ~ c2rust_port[716c]::src::csp_id::csp_id_t::sport)
[DEBUG @ c2rust-analyze/src/analyze.rs:605 @ c2rust_analyze::analyze]: DefId(0:3598 ~ c2rust_port[716c]::src::csp_id::{impl#0})
[DEBUG @ c2rust-analyze/src/analyze.rs:605 @ c2rust_analyze::analyze]: DefId(0:3599 ~ c2rust_port[716c]::src::csp_id::{impl#1})
[DEBUG @ c2rust-analyze/src/analyze.rs:605 @ c2rust_analyze::analyze]: DefId(0:3601 ~ c2rust_port[716c]::src::csp_id::csp_packet_s)
[DEBUG @ c2rust-analyze/src/analyze.rs:609 @ c2rust_analyze::analyze]: DefId(0:3602 ~ c2rust_port[716c]::src::csp_id::csp_packet_s::timestamp_tx)
[DEBUG @ c2rust-analyze/src/analyze.rs:609 @ c2rust_analyze::analyze]: DefId(0:3603 ~ c2rust_port[716c]::src::csp_id::csp_packet_s::timestamp_rx)
[DEBUG @ c2rust-analyze/src/analyze.rs:609 @ c2rust_analyze::analyze]: DefId(0:3604 ~ c2rust_port[716c]::src::csp_id::csp_packet_s::conn)
[DEBUG @ c2rust-analyze/src/analyze.rs:609 @ c2rust_analyze::analyze]: DefId(0:3605 ~ c2rust_port[716c]::src::csp_id::csp_packet_s::rx_count)
[DEBUG @ c2rust-analyze/src/analyze.rs:609 @ c2rust_analyze::analyze]: DefId(0:3606 ~ c2rust_port[716c]::src::csp_id::csp_packet_s::remain)
[DEBUG @ c2rust-analyze/src/analyze.rs:609 @ c2rust_analyze::analyze]: DefId(0:3607 ~ c2rust_port[716c]::src::csp_id::csp_packet_s::cfpid)
[DEBUG @ c2rust-analyze/src/analyze.rs:609 @ c2rust_analyze::analyze]: DefId(0:3608 ~ c2rust_port[716c]::src::csp_id::csp_packet_s::last_used)
[DEBUG @ c2rust-analyze/src/analyze.rs:609 @ c2rust_analyze::analyze]: DefId(0:3609 ~ c2rust_port[716c]::src::csp_id::csp_packet_s::frame_begin)
[DEBUG @ c2rust-analyze/src/analyze.rs:609 @ c2rust_analyze::analyze]: DefId(0:3610 ~ c2rust_port[716c]::src::csp_id::csp_packet_s::frame_length)
[DEBUG @ c2rust-analyze/src/analyze.rs:609 @ c2rust_analyze::analyze]: DefId(0:3611 ~ c2rust_port[716c]::src::csp_id::csp_packet_s::length)
[DEBUG @ c2rust-analyze/src/analyze.rs:609 @ c2rust_analyze::analyze]: DefId(0:3612 ~ c2rust_port[716c]::src::csp_id::csp_packet_s::id)
[DEBUG @ c2rust-analyze/src/analyze.rs:609 @ c2rust_analyze::analyze]: DefId(0:3613 ~ c2rust_port[716c]::src::csp_id::csp_packet_s::next)
[DEBUG @ c2rust-analyze/src/analyze.rs:609 @ c2rust_analyze::analyze]: DefId(0:3614 ~ c2rust_port[716c]::src::csp_id::csp_packet_s::header)
[DEBUG @ c2rust-analyze/src/analyze.rs:609 @ c2rust_analyze::analyze]: DefId(0:3616 ~ c2rust_port[716c]::src::csp_id::csp_packet_s::c2rust_unnamed)
[DEBUG @ c2rust-analyze/src/analyze.rs:605 @ c2rust_analyze::analyze]: DefId(0:3617 ~ c2rust_port[716c]::src::csp_id::{impl#2})
[DEBUG @ c2rust-analyze/src/analyze.rs:605 @ c2rust_analyze::analyze]: DefId(0:3618 ~ c2rust_port[716c]::src::csp_id::{impl#3})
[DEBUG @ c2rust-analyze/src/analyze.rs:605 @ c2rust_analyze::analyze]: DefId(0:3621 ~ c2rust_port[716c]::src::csp_id::C2RustUnnamed)
[DEBUG @ c2rust-analyze/src/analyze.rs:605 @ c2rust_analyze::analyze]: DefId(0:3628 ~ c2rust_port[716c]::src::csp_id::{impl#4})
[DEBUG @ c2rust-analyze/src/analyze.rs:605 @ c2rust_analyze::analyze]: DefId(0:3629 ~ c2rust_port[716c]::src::csp_id::{impl#5})
[DEBUG @ c2rust-analyze/src/analyze.rs:605 @ c2rust_analyze::analyze]: DefId(0:733 ~ c2rust_port[716c]::src::csp_id::csp_packet_t)
[DEBUG @ c2rust-analyze/src/analyze.rs:605 @ c2rust_analyze::analyze]: DefId(0:3631 ~ c2rust_port[716c]::src::csp_id::csp_iface_s)
[DEBUG @ c2rust-analyze/src/analyze.rs:609 @ c2rust_analyze::analyze]: DefId(0:3632 ~ c2rust_port[716c]::src::csp_id::csp_iface_s::addr)
[DEBUG @ c2rust-analyze/src/analyze.rs:609 @ c2rust_analyze::analyze]: DefId(0:3633 ~ c2rust_port[716c]::src::csp_id::csp_iface_s::netmask)
[DEBUG @ c2rust-analyze/src/analyze.rs:609 @ c2rust_analyze::analyze]: DefId(0:3634 ~ c2rust_port[716c]::src::csp_id::csp_iface_s::name)
[DEBUG @ c2rust-analyze/src/analyze.rs:609 @ c2rust_analyze::analyze]: DefId(0:3635 ~ c2rust_port[716c]::src::csp_id::csp_iface_s::interface_data)
[DEBUG @ c2rust-analyze/src/analyze.rs:609 @ c2rust_analyze::analyze]: DefId(0:3636 ~ c2rust_port[716c]::src::csp_id::csp_iface_s::driver_data)
[DEBUG @ c2ru